t	E_phi_kin	E_theta_kin	E_grad	E_mass	E_pot	E_tgrad	E_tmass	E_coupling	E_total	phi_max	P_max	P_int	theta_rms	Q_phi	Q_theta	Q_total	s_max	r_core	omega_core	Q_core	thp1u	thp1v	thp2u	thp2v	gauss_max	gauss_l2	E_em	Q_flux
0.00	1.437053e+03	0.000000e+00	1.547274e+02	1.576450e+03	-1.939803e+02	0.000000e+00	0.000000e+00	0.000000e+00	2.991004e+03	6.430411e-01	2.658987e-01	1.745667e+02	0.000000e+00	1.391428677752e+03	0.000000000000e+00	1.391428677752e+03	7.070213e-02	8.488149e+00	1.420000018538e+00	6.156178991751e+02	0.000000e+00	0.000000e+00	0.000000e+00	0.000000e+00	1.007204e-13	1.481065e-14	1.675372506232e+01	7.504281357768e+02
2.00	1.433915e+03	0.000000e+00	1.560203e+02	1.580046e+03	-1.959215e+02	0.000000e+00	0.000000e+00	0.000000e+00	2.990707e+03	6.426252e-01	2.653831e-01	1.748733e+02	0.000000e+00	1.391428677752e+03	0.000000000000e+00	1.391428677752e+03	7.042818e-02	8.483104e+00	1.416464567138e+00	6.159692455025e+02	0.000000e+00	0.000000e+00	0.000000e+00	0.000000e+00	1.007227e-13	1.481071e-14	1.664658358130e+01	7.502983235462e+02
4.00	1.429380e+03	0.000000e+00	1.568998e+02	1.585195e+03	-1.973748e+02	0.000000e+00	0.000000e+00	0.000000e+00	2.990685e+03	6.178790e-01	2.358904e-01	1.751423e+02	0.000000e+00	1.391428677752e+03	0.000000000000e+00	1.391428677752e+03	5.564429e-02	8.470270e+00	1.401230591296e+00	6.191198430295e+02	0.000000e+00	0.000000e+00	0.000000e+00	0.000000e+00	1.007289e-13	1.481075e-14	1.658486329703e+01	7.519944592336e+02
5.99	1.425424e+03	0.000000e+00	1.569732e+02	1.589684e+03	-1.980457e+02	0.000000e+00	0.000000e+00	0.000000e+00	2.990601e+03	6.215287e-01	2.400952e-01	1.755705e+02	0.000000e+00	1.391428677752e+03	0.000000000000e+00	1.391428677752e+03	5.764570e-02	8.448459e+00	1.411442726172e+00	6.285626534010e+02	0.000000e+00	0.000000e+00	0.000000e+00	0.000000e+00	1.007281e-13	1.481075e-14	1.656588546576e+01	7.582786633657e+02
7.99	1.425054e+03	0.000000e+00	1.566316e+02	1.590108e+03	-1.977885e+02	0.000000e+00	0.000000e+00	0.000000e+00	2.990614e+03	6.268947e-01	2.463677e-01	1.759908e+02	0.000000e+00	1.391428677752e+03	0.000000000000e+00	1.391428677752e+03	6.069705e-02	8.416107e+00	1.414986662202e+00	6.406492428374e+02	0.000000e+00	0.000000e+00	0.000000e+00	0.000000e+00	1.007428e-13	1.481082e-14	1.660906565896e+01	7.655809475289e+02
9.99	1.426403e+03	0.000000e+00	1.574923e+02	1.588607e+03	-1.986166e+02	0.000000e+00	0.000000e+00	0.000000e+00	2.990575e+03	6.318819e-01	2.522945e-01	1.766881e+02	0.000000e+00	1.391428677752e+03	0.000000000000e+00	1.391428677752e+03	6.365253e-02	8.374860e+00	1.413997910646e+00	6.541209032680e+02	0.000000e+00	0.000000e+00	0.000000e+00	0.000000e+00	1.007456e-13	1.481085e-14	1.668917316954e+01	7.730141691446e+02
11.99	1.428456e+03	0.000000e+00	1.583710e+02	1.586313e+03	-1.991237e+02	0.000000e+00	0.000000e+00	0.000000e+00	2.990783e+03	6.380362e-01	2.597382e-01	1.770702e+02	0.000000e+00	1.391428677752e+03	0.000000000000e+00	1.391428677752e+03	6.746394e-02	8.327489e+00	1.429324738373e+00	6.688573409136e+02	0.000000e+00	0.000000e+00	0.000000e+00	0.000000e+00	1.007464e-13	1.481092e-14	1.676728321972e+01	7.808228526640e+02
13.99	1.430662e+03	0.000000e+00	1.589892e+02	1.583835e+03	-1.992160e+02	0.000000e+00	0.000000e+00	0.000000e+00	2.991093e+03	6.342165e-01	2.551013e-01	1.769039e+02	0.000000e+00	1.391428677752e+03	0.000000000000e+00	1.391428677752e+03	6.507669e-02	8.274416e+00	1.415548355216e+00	6.849558012905e+02	0.000000e+00	0.000000e+00	0.000000e+00	0.000000e+00	1.007291e-13	1.481100e-14	1.682250215826e+01	7.899454506488e+02
15.98	1.432153e+03	0.000000e+00	1.590650e+02	1.582147e+03	-1.988504e+02	0.000000e+00	0.000000e+00	0.000000e+00	2.991376e+03	6.291921e-01	2.490863e-01	1.763570e+02	0.000000e+00	1.391428677752e+03	0.000000000000e+00	1.391428677752e+03	6.204397e-02	8.215366e+00	1.407653448398e+00	7.030872842980e+02	0.000000e+00	0.000000e+00	0.000000e+00	0.000000e+00	1.007172e-13	1.481107e-14	1.686161653253e+01	8.010664065779e+02
17.98	1.433194e+03	0.000000e+00	1.581659e+02	1.580970e+03	-1.976243e+02	0.000000e+00	0.000000e+00	0.000000e+00	2.991613e+03	6.253509e-01	2.445521e-01	1.756068e+02	0.000000e+00	1.391428677752e+03	0.000000000000e+00	1.391428677752e+03	5.980573e-02	8.148151e+00	1.403378136605e+00	7.234307329406e+02	0.000000e+00	0.000000e+00	0.000000e+00	0.000000e+00	1.007359e-13	1.481108e-14	1.690858495374e+01	8.136478400830e+02
19.98	1.433136e+03	0.000000e+00	1.569589e+02	1.581048e+03	-1.963277e+02	0.000000e+00	0.000000e+00	0.000000e+00	2.991795e+03	6.268378e-01	2.463006e-01	1.750585e+02	0.000000e+00	1.391428677752e+03	0.000000000000e+00	1.391428677752e+03	6.066399e-02	8.070138e+00	1.407059656225e+00	7.466500265083e+02	0.000000e+00	0.000000e+00	0.000000e+00	0.000000e+00	1.007429e-13	1.481112e-14	1.698024063342e+01	8.277719780687e+02
21.98	1.431441e+03	0.000000e+00	1.560541e+02	1.582998e+03	-1.955815e+02	0.000000e+00	0.000000e+00	0.000000e+00	2.991989e+03	6.277938e-01	2.474292e-01	1.749163e+02	0.000000e+00	1.391428677752e+03	0.000000000000e+00	1.391428677752e+03	6.122123e-02	7.980026e+00	1.408976122378e+00	7.722471285389e+02	0.000000e+00	0.000000e+00	0.000000e+00	0.000000e+00	1.007441e-13	1.481115e-14	1.707779835852e+01	8.431062476448e+02
23.97	1.428182e+03	0.000000e+00	1.555532e+02	1.586743e+03	-1.954494e+02	0.000000e+00	0.000000e+00	0.000000e+00	2.992223e+03	6.281539e-01	2.478552e-01	1.751159e+02	0.000000e+00	1.391428677752e+03	0.000000000000e+00	1.391428677752e+03	6.143221e-02	7.877719e+00	1.411858954606e+00	8.013992515786e+02	0.000000e+00	0.000000e+00	0.000000e+00	0.000000e+00	1.007106e-13	1.481115e-14	1.719417591535e+01	8.596062826575e+02
25.97	1.424572e+03	0.000000e+00	1.552223e+02	1.590928e+03	-1.955845e+02	0.000000e+00	0.000000e+00	0.000000e+00	2.992463e+03	6.265945e-01	2.460140e-01	1.754174e+02	0.000000e+00	1.391428677752e+03	0.000000000000e+00	1.391428677752e+03	6.052287e-02	7.762384e+00	1.410566823255e+00	8.344626791450e+02	0.000000e+00	0.000000e+00	0.000000e+00	0.000000e+00	1.007203e-13	1.481118e-14	1.732525238156e+01	8.779713116035e+02
27.97	1.422167e+03	0.000000e+00	1.549607e+02	1.593777e+03	-1.957307e+02	0.000000e+00	0.000000e+00	0.000000e+00	2.992648e+03	6.232301e-01	2.420724e-01	1.756142e+02	0.000000e+00	1.391428677752e+03	0.000000000000e+00	1.391428677752e+03	5.859905e-02	7.632598e+00	1.406459856917e+00	8.719836086684e+02	0.000000e+00	0.000000e+00	0.000000e+00	0.000000e+00	1.007022e-13	1.481122e-14	1.747441698909e+01	8.989080071208e+02
29.97	1.422030e+03	0.000000e+00	1.546834e+02	1.594046e+03	-1.956183e+02	0.000000e+00	0.000000e+00	0.000000e+00	2.992792e+03	6.201755e-01	2.385304e-01	1.755844e+02	0.000000e+00	1.391428677752e+03	0.000000000000e+00	1.391428677752e+03	5.689677e-02	7.486211e+00	1.401298269487e+00	9.141221123774e+02	0.000000e+00	0.000000e+00	0.000000e+00	0.000000e+00	1.006977e-13	1.481127e-14	1.764996260056e+01	9.227947199985e+02
31.97	1.423871e+03	0.000000e+00	1.544647e+02	1.592049e+03	-1.952752e+02	0.000000e+00	0.000000e+00	0.000000e+00	2.992969e+03	6.189793e-01	2.371529e-01	1.753911e+02	0.000000e+00	1.391428677752e+03	0.000000000000e+00	1.391428677752e+03	5.624151e-02	7.319419e+00	1.402157927014e+00	9.608667013089e+02	0.000000e+00	0.000000e+00	0.000000e+00	0.000000e+00	1.007328e-13	1.481131e-14	1.785930054326e+01	9.494097277893e+02
33.96	1.425690e+03	0.000000e+00	1.545607e+02	1.590120e+03	-1.952099e+02	0.000000e+00	0.000000e+00	0.000000e+00	2.993266e+03	6.175289e-01	2.354897e-01	1.753458e+02	0.000000e+00	1.391428677752e+03	0.000000000000e+00	1.391428677752e+03	5.545539e-02	7.126590e+00	1.405981617594e+00	1.011395595880e+03	0.000000e+00	0.000000e+00	0.000000e+00	0.000000e+00	1.007354e-13	1.481134e-14	1.810545100020e+01	9.785164282685e+02
35.96	1.424372e+03	0.000000e+00	1.554156e+02	1.592070e+03	-1.965553e+02	0.000000e+00	0.000000e+00	0.000000e+00	2.993691e+03	6.143106e-01	2.318270e-01	1.760355e+02	0.000000e+00	1.391428677752e+03	0.000000000000e+00	1.391428677752e+03	5.374376e-02	6.899381e+00	1.410851062716e+00	1.064510298619e+03	0.000000e+00	0.000000e+00	0.000000e+00	0.000000e+00	1.007511e-13	1.481140e-14	1.838917454334e+01	1.009526463000e+03
37.96	1.416975e+03	0.000000e+00	1.584535e+02	1.602145e+03	-2.021894e+02	0.000000e+00	0.000000e+00	0.000000e+00	2.994098e+03	6.091184e-01	2.259983e-01	1.785155e+02	0.000000e+00	1.391428677752e+03	0.000000000000e+00	1.391428677752e+03	5.107522e-02	6.624646e+00	1.407102551203e+00	1.118813940752e+03	0.000000e+00	0.000000e+00	0.000000e+00	0.000000e+00	1.007100e-13	1.481142e-14	1.871434752758e+01	1.042170307260e+03
39.96	1.407110e+03	0.000000e+00	1.676380e+02	1.616323e+03	-2.160714e+02	0.000000e+00	0.000000e+00	0.000000e+00	2.994093e+03	6.002968e-01	2.163207e-01	1.835952e+02	0.000000e+00	1.391428677752e+03	0.000000000000e+00	1.391428677752e+03	4.679467e-02	6.294865e+00	1.408916340808e+00	1.172107739860e+03	0.000000e+00	0.000000e+00	0.000000e+00	0.000000e+00	1.007215e-13	1.481144e-14	1.909267442996e+01	1.076593412893e+03
41.96	1.415072e+03	0.000000e+00	1.798393e+02	1.605708e+03	-2.264717e+02	0.000000e+00	0.000000e+00	0.000000e+00	2.993694e+03	5.903654e-01	2.057609e-01	1.878741e+02	0.000000e+00	1.391428677714e+03	0.000000000000e+00	1.391428677714e+03	4.233753e-02	5.949445e+00	0.000000000000e+00	1.220994836621e+03	0.000000e+00	0.000000e+00	0.000000e+00	0.000000e+00	1.007466e-13	1.481147e-14	1.954568609452e+01	1.112768293358e+03
43.95	1.435635e+03	0.000000e+00	1.820032e+02	1.581998e+03	-2.260224e+02	0.000000e+00	0.000000e+00	0.000000e+00	2.993721e+03	8.871058e-01	6.981140e-01	1.949267e+02	0.000000e+00	1.391428676469e+03	0.000000000000e+00	1.391428676469e+03	4.873631e-01	5.577090e+00	1.691948053284e+00	1.261489792690e+03	0.000000e+00	0.000000e+00	0.000000e+00	0.000000e+00	1.008013e-13	1.481150e-14	2.010723582857e+01	1.150305401577e+03
45.95	1.457591e+03	0.000000e+00	1.786475e+02	1.557755e+03	-2.199809e+02	0.000000e+00	0.000000e+00	0.000000e+00	2.994847e+03	9.336891e-01	8.139670e-01	2.064115e+02	0.000000e+00	1.391428658091e+03	0.000000000000e+00	1.391428658091e+03	6.625423e-01	5.187588e+00	1.572991041906e+00	1.291004868471e+03	0.000000e+00	0.000000e+00	0.000000e+00	0.000000e+00	1.007670e-13	1.481159e-14	2.083434713112e+01	1.188306498206e+03
47.95	1.477998e+03	0.000000e+00	1.755854e+02	1.535915e+03	-2.137165e+02	0.000000e+00	0.000000e+00	0.000000e+00	2.997620e+03	9.335400e-01	8.135773e-01	2.198616e+02	0.000000e+00	1.391428538477e+03	0.000000000000e+00	1.391428538477e+03	6.619080e-01	4.830552e+00	1.531213710577e+00	1.310041197963e+03	0.000000e+00	0.000000e+00	0.000000e+00	0.000000e+00	1.008302e-13	1.481163e-14	2.183818755017e+01	1.225360502976e+03
49.95	1.494808e+03	0.000000e+00	1.757680e+02	1.518817e+03	-2.107883e+02	0.000000e+00	0.000000e+00	0.000000e+00	3.001929e+03	9.337317e-01	8.140786e-01	2.321905e+02	0.000000e+00	1.391428163923e+03	0.000000000000e+00	1.391428163923e+03	6.627240e-01	4.562981e+00	1.518843565967e+00	1.320091830833e+03	0.000000e+00	0.000000e+00	0.000000e+00	0.000000e+00	1.007622e-13	1.481168e-14	2.332477298154e+01	1.259621664091e+03
51.95	1.501408e+03	0.000000e+00	1.826873e+02	1.512333e+03	-2.144146e+02	0.000000e+00	0.000000e+00	0.000000e+00	3.007504e+03	9.438356e-01	8.407929e-01	2.405451e+02	0.000000e+00	1.391427489012e+03	0.000000000000e+00	1.391427489012e+03	7.069326e-01	4.436669e+00	1.513844678969e+00	1.323426536425e+03	0.000000e+00	0.000000e+00	0.000000e+00	0.000000e+00	1.007420e-13	1.481167e-14	2.549086351298e+01	1.288943020358e+03
53.94	1.498975e+03	0.000000e+00	1.892832e+02	1.514964e+03	-2.160221e+02	0.000000e+00	0.000000e+00	0.000000e+00	3.015430e+03	9.691968e-01	9.104077e-01	2.401985e+02	0.000000e+00	1.391426415069e+03	0.000000000000e+00	1.391426415069e+03	8.288422e-01	4.470910e+00	1.518414434075e+00	1.322199675468e+03	0.000000e+00	0.000000e+00	0.000000e+00	0.000000e+00	1.008705e-13	1.481175e-14	2.822982199251e+01	1.311512838046e+03
55.94	1.489757e+03	0.000000e+00	1.965247e+02	1.524810e+03	-2.170758e+02	0.000000e+00	0.000000e+00	0.000000e+00	3.025072e+03	1.007248e+00	1.021902e+00	2.299004e+02	0.000000e+00	1.391423714780e+03	0.000000000000e+00	1.391423714780e+03	1.044285e+00	4.658398e+00	1.542205761236e+00	1.310410650493e+03	0.000000e+00	0.000000e+00	0.000000e+00	0.000000e+00	1.006917e-13	1.481180e-14	3.105719545391e+01	1.326609994987e+03
57.94	1.475076e+03	0.000000e+00	2.072774e+02	1.540622e+03	-2.201619e+02	0.000000e+00	0.000000e+00	0.000000e+00	3.036165e+03	1.016029e+00	1.048860e+00	2.138521e+02	0.000000e+00	1.391417119919e+03	0.000000000000e+00	1.391417119919e+03	1.100108e+00	4.967163e+00	1.613310279598e+00	1.285628047643e+03	0.000000e+00	0.000000e+00	0.000000e+00	0.000000e+00	1.015503e-13	1.481177e-14	3.335122037844e+01	1.334444091652e+03
59.94	1.457394e+03	0.000000e+00	2.195697e+02	1.560055e+03	-2.241890e+02	0.000000e+00	0.000000e+00	0.000000e+00	3.047398e+03	8.487286e-01	6.113733e-01	1.985851e+02	0.000000e+00	1.391405714978e+03	0.000000000000e+00	1.391405714978e+03	3.737773e-01	5.348565e+00	1.598529475471e+00	1.251133309068e+03	0.000000e+00	0.000000e+00	0.000000e+00	0.000000e+00	1.017448e-13	1.481188e-14	3.456735860151e+01	1.335277707765e+03
61.94	1.437354e+03	0.000000e+00	2.287433e+02	1.582298e+03	-2.264064e+02	0.000000e+00	0.000000e+00	0.000000e+00	3.056436e+03	6.065830e-01	2.231879e-01	1.885155e+02	0.000000e+00	1.391390570155e+03	0.000000000000e+00	1.391390570155e+03	4.981283e-02	5.751008e+00	1.403961288999e+00	1.215538343841e+03	0.000000e+00	0.000000e+00	0.000000e+00	0.000000e+00	1.014060e-13	1.481192e-14	3.444647425613e+01	1.332761826925e+03
63.93	1.416893e+03	0.000000e+00	2.235445e+02	1.608139e+03	-2.216360e+02	0.000000e+00	0.000000e+00	0.000000e+00	3.059986e+03	5.912329e-01	2.066692e-01	1.832935e+02	0.000000e+00	1.391373022065e+03	0.000000000000e+00	1.391373022065e+03	4.271217e-02	6.138281e+00	0.000000000000e+00	1.183322212009e+03	0.000000e+00	0.000000e+00	0.000000e+00	0.000000e+00	1.011974e-13	1.481202e-14	3.304535800517e+01	1.327875375871e+03
65.93	1.406133e+03	0.000000e+00	2.082740e+02	1.620820e+03	-2.084853e+02	0.000000e+00	0.000000e+00	0.000000e+00	3.057422e+03	5.910014e-01	2.064265e-01	1.768839e+02	0.000000e+00	1.391353610858e+03	0.000000000000e+00	1.391353610858e+03	4.261191e-02	6.502782e+00	0.000000000000e+00	1.141962378685e+03	0.000000e+00	0.000000e+00	0.000000e+00	0.000000e+00	1.011382e-13	1.481207e-14	3.067986546631e+01	1.314322530841e+03
67.93	1.407684e+03	0.000000e+00	1.892600e+02	1.617877e+03	-1.931174e+02	0.000000e+00	0.000000e+00	0.000000e+00	3.049607e+03	5.907032e-01	2.061142e-01	1.700216e+02	0.000000e+00	1.391332358097e+03	0.000000000000e+00	1.391332358097e+03	4.248306e-02	6.818792e+00	0.000000000000e+00	1.091267942478e+03	0.000000e+00	0.000000e+00	0.000000e+00	0.000000e+00	1.014892e-13	1.481218e-14	2.790330931355e+01	1.292535316478e+03
69.93	1.411065e+03	0.000000e+00	1.746013e+02	1.613458e+03	-1.854972e+02	0.000000e+00	0.000000e+00	0.000000e+00	3.038936e+03	5.901784e-01	2.055654e-01	1.661389e+02	0.000000e+00	1.391308995809e+03	0.000000000000e+00	1.391308995809e+03	4.225712e-02	7.059869e+00	0.000000000000e+00	1.042787202170e+03	0.000000e+00	0.000000e+00	0.000000e+00	0.000000e+00	1.016993e-13	1.481224e-14	2.530903067781e+01	1.263287791353e+03
71.92	1.413258e+03	0.000000e+00	1.669141e+02	1.610540e+03	-1.859379e+02	0.000000e+00	0.000000e+00	0.000000e+00	3.028027e+03	5.894944e-01	2.048515e-01	1.657305e+02	0.000000e+00	1.391282211907e+03	0.000000000000e+00	1.391282211907e+03	4.196413e-02	7.229982e+00	0.000000000000e+00	1.001554326772e+03	0.000000e+00	0.000000e+00	0.000000e+00	0.000000e+00	1.018581e-13	1.481230e-14	2.325266675890e+01	1.229614932324e+03
73.92	1.421019e+03	0.000000e+00	1.648609e+02	1.600125e+03	-1.872264e+02	0.000000e+00	0.000000e+00	0.000000e+00	3.020567e+03	6.518931e-01	2.770315e-01	1.667993e+02	0.000000e+00	1.391250984988e+03	0.000000000000e+00	1.391250984988e+03	7.674645e-02	7.365824e+00	1.441943711579e+00	9.775378903887e+02	0.000000e+00	0.000000e+00	0.000000e+00	0.000000e+00	1.017591e-13	1.481237e-14	2.178872446108e+01	1.194819095211e+03
75.92	1.428829e+03	0.000000e+00	1.668584e+02	1.590381e+03	-1.894173e+02	0.000000e+00	0.000000e+00	0.000000e+00	3.017523e+03	6.749109e-01	3.074251e-01	1.690403e+02	0.000000e+00	1.391216695125e+03	0.000000000000e+00	1.391216695125e+03	9.451017e-02	7.468170e+00	1.435080159692e+00	9.654577303670e+02	0.000000e+00	0.000000e+00	0.000000e+00	0.000000e+00	1.018299e-13	1.481240e-14	2.087122712365e+01	1.159524952193e+03
77.92	1.433924e+03	0.000000e+00	1.717257e+02	1.584309e+03	-1.927935e+02	0.000000e+00	0.000000e+00	0.000000e+00	3.017608e+03	6.818496e-01	3.170047e-01	1.710280e+02	0.000000e+00	1.391182315602e+03	0.000000000000e+00	1.391182315602e+03	1.004920e-01	7.544111e+00	1.445304107104e+00	9.598551120955e+02	0.000000e+00	0.000000e+00	0.000000e+00	0.000000e+00	1.020842e-13	1.481243e-14	2.044252368522e+01	1.126724795123e+03
79.92	1.436006e+03	0.000000e+00	1.773415e+02	1.581934e+03	-1.964030e+02	0.000000e+00	0.000000e+00	0.000000e+00	3.019299e+03	6.576665e-01	2.844573e-01	1.721141e+02	0.000000e+00	1.391150702239e+03	0.000000000000e+00	1.391150702239e+03	8.091595e-02	7.598925e+00	1.417481131932e+00	9.597785384664e+02	0.000000e+00	0.000000e+00	0.000000e+00	0.000000e+00	1.018278e-13	1.481250e-14	2.042017384650e+01	1.102169694903e+03
81.91	1.436281e+03	0.000000e+00	1.821739e+02	1.581708e+03	-1.994868e+02	0.000000e+00	0.000000e+00	0.000000e+00	3.021332e+03	6.184200e-01	2.365105e-01	1.726316e+02	0.000000e+00	1.391123722449e+03	0.000000000000e+00	1.391123722449e+03	5.593724e-02	7.639150e+00	1.363469337688e+00	9.630144131550e+02	0.000000e+00	0.000000e+00	0.000000e+00	0.000000e+00	1.016216e-13	1.481252e-14	2.065595156412e+01	1.084465663515e+03
83.91	1.435226e+03	0.000000e+00	1.857084e+02	1.583165e+03	-2.022606e+02	0.000000e+00	0.000000e+00	0.000000e+00	3.022745e+03	5.967820e-01	2.125432e-01	1.733303e+02	0.000000e+00	1.391101750382e+03	0.000000000000e+00	1.391101750382e+03	4.517460e-02	7.668015e+00	1.336805651563e+00	9.726858493980e+02	0.000000e+00	0.000000e+00	0.000000e+00	0.000000e+00	1.015696e-13	1.481257e-14	2.090566053912e+01	1.071088684416e+03
85.91	1.433901e+03	0.000000e+00	1.877986e+02	1.584974e+03	-2.045149e+02	0.000000e+00	0.000000e+00	0.000000e+00	3.023129e+03	5.918654e-01	2.073332e-01	1.744102e+02	0.000000e+00	1.391083846524e+03	0.000000000000e+00	1.391083846524e+03	4.298704e-02	7.690437e+00	1.335136026931e+00	9.924128529910e+02	0.000000e+00	0.000000e+00	0.000000e+00	0.000000e+00	1.018445e-13	1.481257e-14	2.097073570528e+01	1.062293960550e+03
87.91	1.434357e+03	0.000000e+00	1.887970e+02	1.584612e+03	-2.057615e+02	0.000000e+00	0.000000e+00	0.000000e+00	3.022837e+03	5.984145e-01	2.142922e-01	1.757475e+02	0.000000e+00	1.391068744105e+03	0.000000000000e+00	1.391068744105e+03	4.592115e-02	7.713965e+00	1.335085474129e+00	1.015775809017e+03	0.000000e+00	0.000000e+00	0.000000e+00	0.000000e+00	1.019913e-13	1.481261e-14	2.083169613836e+01	1.057888981753e+03
89.91	1.438661e+03	0.000000e+00	1.899417e+02	1.579756e+03	-2.058926e+02	0.000000e+00	0.000000e+00	0.000000e+00	3.023075e+03	6.175246e-01	2.354848e-01	1.772819e+02	0.000000e+00	1.391055705842e+03	0.000000000000e+00	1.391055705842e+03	5.545309e-02	7.747923e+00	1.358372666992e+00	1.037602698697e+03	0.000000e+00	0.000000e+00	0.000000e+00	0.000000e+00	1.018605e-13	1.481267e-14	2.060860097346e+01	1.056863666392e+03
91.90	1.447130e+03	0.000000e+00	1.934811e+02	1.570266e+03	-2.058315e+02	0.000000e+00	0.000000e+00	0.000000e+00	3.025495e+03	6.379388e-01	2.596193e-01	1.792072e+02	0.000000e+00	1.391044207905e+03	0.000000000000e+00	1.391044207905e+03	6.740218e-02	7.802945e+00	1.379236663891e+00	1.054709373823e+03	0.000000e+00	0.000000e+00	0.000000e+00	0.000000e+00	1.019019e-13	1.481269e-14	2.045000749111e+01	1.059025848177e+03
93.90	1.456623e+03	0.000000e+00	2.007028e+02	1.559659e+03	-2.066684e+02	0.000000e+00	0.000000e+00	0.000000e+00	3.030780e+03	6.598657e-01	2.873205e-01	1.819280e+02	0.000000e+00	1.391033280867e+03	0.000000000000e+00	1.391033280867e+03	8.255306e-02	7.885636e+00	1.403841906296e+00	1.065356911424e+03	0.000000e+00	0.000000e+00	0.000000e+00	0.000000e+00	1.019045e-13	1.481278e-14	2.046376925684e+01	1.065556075916e+03
95.90	1.464760e+03	0.000000e+00	2.095176e+02	1.550650e+03	-2.068724e+02	0.000000e+00	0.000000e+00	0.000000e+00	3.038760e+03	6.845439e-01	3.207775e-01	1.847618e+02	0.000000e+00	1.391020492110e+03	0.000000000000e+00	1.391020492110e+03	1.028982e-01	7.999267e+00	1.425208701702e+00	1.070293666741e+03	0.000000e+00	0.000000e+00	0.000000e+00	0.000000e+00	1.021100e-13	1.481280e-14	2.070462319335e+01	1.073780749170e+03
97.90	1.469195e+03	0.000000e+00	2.186714e+02	1.545861e+03	-2.060508e+02	0.000000e+00	0.000000e+00	0.000000e+00	3.048839e+03	7.150718e-01	3.656360e-01	1.862702e+02	0.000000e+00	1.390998815996e+03	0.000000000000e+00	1.390998815996e+03	1.336897e-01	8.142464e+00	1.451885441880e+00	1.071378011116e+03	0.000000e+00	0.000000e+00	0.000000e+00	0.000000e+00	1.023769e-13	1.481288e-14	2.116201992654e+01	1.080758703173e+03
99.90	1.469140e+03	0.000000e+00	2.278448e+02	1.545984e+03	-2.046400e+02	0.000000e+00	0.000000e+00	0.000000e+00	3.060046e+03	7.451005e-01	4.136609e-01	1.849388e+02	0.000000e+00	1.390958662755e+03	0.000000000000e+00	1.390958662755e+03	1.711154e-01	8.313635e+00	1.484354898450e+00	1.068641803428e+03	0.000000e+00	0.000000e+00	0.000000e+00	0.000000e+00	1.022303e-13	1.481292e-14	2.171627774102e+01	1.085522254883e+03
101.89	1.465517e+03	0.000000e+00	2.360460e+02	1.550072e+03	-2.023997e+02	0.000000e+00	0.000000e+00	0.000000e+00	3.071377e+03	7.310820e-01	3.907494e-01	1.810437e+02	0.000000e+00	1.390896235677e+03	0.000000000000e+00	1.390896235677e+03	1.526851e-01	8.509899e+00	1.478200264574e+00	1.061492123024e+03	0.000000e+00	0.000000e+00	0.000000e+00	0.000000e+00	1.026111e-13	1.481304e-14	2.214131971007e+01	1.088354150877e+03
103.89	1.459476e+03	0.000000e+00	2.431901e+02	1.556860e+03	-2.001404e+02	0.000000e+00	0.000000e+00	0.000000e+00	3.081610e+03	6.738501e-01	3.059778e-01	1.763573e+02	0.000000e+00	1.390795054671e+03	0.000000000000e+00	1.390795054671e+03	9.362244e-02	8.725469e+00	1.427432374503e+00	1.049683423706e+03	0.000000e+00	0.000000e+00	0.000000e+00	0.000000e+00	1.019811e-13	1.481308e-14	2.222372744047e+01	1.089385053197e+03
105.89	1.451534e+03	0.000000e+00	2.489826e+02	1.565726e+03	-1.990968e+02	0.000000e+00	0.000000e+00	0.000000e+00	3.089083e+03	6.231367e-01	2.419636e-01	1.724686e+02	0.000000e+00	1.390606140680e+03	0.000000000000e+00	1.390606140680e+03	5.854639e-02	8.949919e+00	1.377171820589e+00	1.034910947138e+03	0.000000e+00	0.000000e+00	0.000000e+00	0.000000e+00	1.022666e-13	1.481309e-14	2.193696552104e+01	1.088869683031e+03
107.89	1.442799e+03	0.000000e+00	2.509448e+02	1.575523e+03	-1.982110e+02	0.000000e+00	0.000000e+00	0.000000e+00	3.092453e+03	6.014761e-01	2.175982e-01	1.696508e+02	0.000000e+00	1.390296366247e+03	0.000000000000e+00	1.390296366247e+03	4.734896e-02	9.174345e+00	1.358957713483e+00	1.020177310436e+03	0.000000e+00	0.000000e+00	0.000000e+00	0.000000e+00	1.024802e-13	1.481313e-14	2.139752117877e+01	1.086220619269e+03
109.88	1.436837e+03	0.000000e+00	2.478208e+02	1.581916e+03	-1.953799e+02	0.000000e+00	0.000000e+00	0.000000e+00	3.091934e+03	5.969943e-01	2.127701e-01	1.670528e+02	0.000000e+00	1.389900343508e+03	0.000000000000e+00	1.389900343508e+03	4.527112e-02	9.403164e+00	1.362768040562e+00	1.007600437146e+03	0.000000e+00	0.000000e+00	0.000000e+00	0.000000e+00	1.025436e-13	1.481323e-14	2.073979458922e+01	1.081487622689e+03
111.88	1.434977e+03	0.000000e+00	2.412881e+02	1.583232e+03	-1.905020e+02	0.000000e+00	0.000000e+00	0.000000e+00	3.089058e+03	5.979758e-01	2.138212e-01	1.641113e+02	0.000000e+00	1.389494011700e+03	0.000000000000e+00	1.389494011700e+03	4.571952e-02	9.638014e+00	1.340990465043e+00	9.961544772253e+02	0.000000e+00	0.000000e+00	0.000000e+00	0.000000e+00	1.027237e-13	1.481330e-14	2.006257193388e+01	1.075735478956e+03
113.88	1.435590e+03	0.000000e+00	2.339024e+02	1.581603e+03	-1.851224e+02	0.000000e+00	0.000000e+00	0.000000e+00	3.085415e+03	6.136697e-01	2.311022e-01	1.610377e+02	0.000000e+00	1.389100083757e+03	0.000000000000e+00	1.389100083757e+03	5.340821e-02	9.869327e+00	1.364605385890e+00	9.838432176511e+02	0.000000e+00	0.000000e+00	0.000000e+00	0.000000e+00	1.029650e-13	1.481337e-14	1.944202742357e+01	1.068951879504e+03
115.88	1.436080e+03	0.000000e+00	2.273714e+02	1.579962e+03	-1.810136e+02	0.000000e+00	0.000000e+00	0.000000e+00	3.081329e+03	6.132680e-01	2.306486e-01	1.583972e+02	0.000000e+00	1.388568613962e+03	0.000000000000e+00	1.388568613962e+03	5.319879e-02	1.007768e+01	1.365116661171e+00	9.714380927668e+02	0.000000e+00	0.000000e+00	0.000000e+00	0.000000e+00	1.030122e-13	1.481340e-14	1.892905279815e+01	1.061704330316e+03
117.88	1.434305e+03	0.000000e+00	2.213450e+02	1.580440e+03	-1.787746e+02	0.000000e+00	0.000000e+00	0.000000e+00	3.075844e+03	5.936889e-01	2.092554e-01	1.565821e+02	0.000000e+00	1.387582136704e+03	0.000000000000e+00	1.387582136704e+03	4.378782e-02	1.023742e+01	1.330853108448e+00	9.624580950757e+02	0.000000e+00	0.000000e+00	0.000000e+00	0.000000e+00	1.032094e-13	1.481345e-14	1.852901447870e+01	1.054844164894e+03
119.87	1.430488e+03	0.000000e+00	2.148717e+02	1.582365e+03	-1.783903e+02	0.000000e+00	0.000000e+00	0.000000e+00	3.067557e+03	5.897201e-01	2.050868e-01	1.558291e+02	0.000000e+00	1.385897678127e+03	0.000000000000e+00	1.385897678127e+03	4.206061e-02	1.033440e+01	0.000000000000e+00	9.592843792105e+02	0.000000e+00	0.000000e+00	0.000000e+00	0.000000e+00	1.030568e-13	1.481351e-14	1.822243264603e+01	1.046944537249e+03
121.87	1.427172e+03	0.000000e+00	2.083387e+02	1.582643e+03	-1.798680e+02	0.000000e+00	0.000000e+00	0.000000e+00	3.056280e+03	5.909248e-01	2.063463e-01	1.562827e+02	0.000000e+00	1.383557586328e+03	0.000000000000e+00	1.383557586328e+03	4.257879e-02	1.037824e+01	0.000000000000e+00	9.618363315839e+02	0.000000e+00	0.000000e+00	0.000000e+00	0.000000e+00	1.029679e-13	1.481357e-14	1.799464682416e+01	1.038940428972e+03
123.87	1.426967e+03	0.000000e+00	2.037158e+02	1.578408e+03	-1.831078e+02	0.000000e+00	0.000000e+00	0.000000e+00	3.043839e+03	5.916200e-01	2.070755e-01	1.579296e+02	0.000000e+00	1.380805619835e+03	0.000000000000e+00	1.380805619835e+03	4.288024e-02	1.039254e+01	0.000000000000e+00	9.686655959319e+02	0.000000e+00	0.000000e+00	0.000000e+00	0.000000e+00	1.034008e-13	1.481359e-14	1.785538061816e+01	1.032605471494e+03
125.87	1.430576e+03	0.000000e+00	2.035377e+02	1.569047e+03	-1.878818e+02	0.000000e+00	0.000000e+00	0.000000e+00	3.033111e+03	5.966981e-01	2.124536e-01	1.608782e+02	0.000000e+00	1.377907681387e+03	0.000000000000e+00	1.377907681387e+03	4.513651e-02	1.040116e+01	1.344311127039e+00	9.777954030473e+02	0.000000e+00	0.000000e+00	0.000000e+00	0.000000e+00	1.032427e-13	1.481361e-14	1.783248332447e+01	1.028690222220e+03
127.87	1.437243e+03	0.000000e+00	2.079474e+02	1.556107e+03	-1.923467e+02	0.000000e+00	0.000000e+00	0.000000e+00	3.026887e+03	6.250150e-01	2.441582e-01	1.650540e+02	0.000000e+00	1.375110590692e+03	0.000000000000e+00	1.375110590692e+03	5.961322e-02	1.042210e+01	1.367607830919e+00	9.877289238434e+02	0.000000e+00	0.000000e+00	0.000000e+00	0.000000e+00	1.030818e-13	1.481363e-14	1.793559904730e+01	1.027069413838e+03
129.86	1.444708e+03	0.000000e+00	2.156689e+02	1.543130e+03	-1.944074e+02	0.000000e+00	0.000000e+00	0.000000e+00	3.027231e+03	6.650667e-01	2.941681e-01	1.698097e+02	0.000000e+00	1.372641686783e+03	0.000000000000e+00	1.372641686783e+03	8.653487e-02	1.046557e+01	1.406508017270e+00	9.972791909856e+02	0.000000e+00	0.000000e+00	0.000000e+00	0.000000e+00	1.030098e-13	1.481361e-14	1.813034927580e+01	1.026896989218e+03
131.86	1.448686e+03	0.000000e+00	2.265078e+02	1.535270e+03	-1.949266e+02	0.000000e+00	0.000000e+00	0.000000e+00	3.033876e+03	7.195933e-01	3.726159e-01	1.738454e+02	0.000000e+00	1.370596778987e+03	0.000000000000e+00	1.370596778987e+03	1.388426e-01	1.052691e+01	1.457503246348e+00	1.005877101299e+03	0.000000e+00	0.000000e+00	0.000000e+00	0.000000e+00	1.028269e-13	1.481364e-14	1.833812900177e+01	1.027101859522e+03
133.86	1.447823e+03	0.000000e+00	2.405114e+02	1.533598e+03	-1.957643e+02	0.000000e+00	0.000000e+00	0.000000e+00	3.044628e+03	7.728254e-01	4.615769e-01	1.753864e+02	0.000000e+00	1.368934861281e+03	0.000000000000e+00	1.368934861281e+03	2.130532e-01	1.060579e+01	1.509360208126e+00	1.012795202006e+03	0.000000e+00	0.000000e+00	0.000000e+00	0.000000e+00	1.027217e-13	1.481370e-14	1.845953058310e+01	1.027200325944e+03
135.86	1.444607e+03	0.000000e+00	2.563339e+02	1.535214e+03	-1.969729e+02	0.000000e+00	0.000000e+00	0.000000e+00	3.057610e+03	7.561735e-01	4.323787e-01	1.745485e+02	0.000000e+00	1.367634036978e+03	0.000000000000e+00	1.367634036978e+03	1.869513e-01	1.071369e+01	1.498095682346e+00	1.016916131395e+03	0.000000e+00	0.000000e+00	0.000000e+00	0.000000e+00	1.027382e-13	1.481377e-14	1.842809848652e+01	1.027292386033e+03
137.86	1.440827e+03	0.000000e+00	2.735596e+02	1.537967e+03	-1.989258e+02	0.000000e+00	0.000000e+00	0.000000e+00	3.071685e+03	6.810464e-01	3.158858e-01	1.726760e+02	0.000000e+00	1.366677840273e+03	0.000000000000e+00	1.366677840273e+03	9.978381e-02	1.085699e+01	1.434090846613e+00	1.017680651659e+03	0.000000e+00	0.000000e+00	0.000000e+00	0.000000e+00	1.028214e-13	1.481382e-14	1.825693783020e+01	1.027363196929e+03
139.85	1.435083e+03	0.000000e+00	2.897078e+02	1.543311e+03	-2.014237e+02	0.000000e+00	0.000000e+00	0.000000e+00	3.084687e+03	6.316136e-01	2.519733e-01	1.710500e+02	0.000000e+00	1.365944068600e+03	0.000000000000e+00	1.365944068600e+03	6.349054e-02	1.102036e+01	1.387979413150e+00	1.015400970987e+03	0.000000e+00	0.000000e+00	0.000000e+00	0.000000e+00	1.030544e-13	1.481391e-14	1.800868659324e+01	1.026986653109e+03
141.85	1.427294e+03	0.000000e+00	2.992672e+02	1.551240e+03	-2.020652e+02	0.000000e+00	0.000000e+00	0.000000e+00	3.093488e+03	6.184273e-01	2.365190e-01	1.692167e+02	0.000000e+00	1.365233746551e+03	0.000000000000e+00	1.365233746551e+03	5.594122e-02	1.118831e+01	1.379785289675e+00	1.010323896262e+03	0.000000e+00	0.000000e+00	0.000000e+00	0.000000e+00	1.028238e-13	1.481393e-14	1.775152054338e+01	1.025793481315e+03
143.85	1.420063e+03	0.000000e+00	2.995639e+02	1.558354e+03	-1.991401e+02	0.000000e+00	0.000000e+00	0.000000e+00	3.096379e+03	6.086648e-01	2.254937e-01	1.664121e+02	0.000000e+00	1.364365028545e+03	0.000000000000e+00	1.364365028545e+03	5.084742e-02	1.135850e+01	1.363967534898e+00	1.001868351230e+03	0.000000e+00	0.000000e+00	0.000000e+00	0.000000e+00	1.030374e-13	1.481398e-14	1.753915291683e+01	1.023860062700e+03
145.85	1.416165e+03	0.000000e+00	2.926240e+02	1.561126e+03	-1.935469e+02	0.000000e+00	0.000000e+00	0.000000e+00	3.093768e+03	6.259290e-01	2.452309e-01	1.629517e+02	0.000000e+00	1.363232995480e+03	0.000000000000e+00	1.363232995480e+03	6.013821e-02	1.153290e+01	1.382179925608e+00	9.898650137429e+02	0.000000e+00	0.000000e+00	0.000000e+00	0.000000e+00	1.032650e-13	1.481405e-14	1.740028322461e+01	1.021530157027e+03
147.85	1.415739e+03	0.000000e+00	2.837596e+02	1.559168e+03	-1.880698e+02	0.000000e+00	0.000000e+00	0.000000e+00	3.087928e+03	6.158644e-01	2.335905e-01	1.597342e+02	0.000000e+00	1.361790711678e+03	0.000000000000e+00	1.361790711678e+03	5.456453e-02	1.170590e+01	1.360656108183e+00	9.745777393968e+02	0.000000e+00	0.000000e+00	0.000000e+00	0.000000e+00	1.031901e-13	1.481406e-14	1.733120644535e+01	1.019261263458e+03
149.84	1.416826e+03	0.000000e+00	2.766166e+02	1.554982e+03	-1.842766e+02	0.000000e+00	0.000000e+00	0.000000e+00	3.081451e+03	6.037469e-01	2.200720e-01	1.573819e+02	0.000000e+00	1.360065319231e+03	0.000000000000e+00	1.360065319231e+03	4.843168e-02	1.186634e+01	1.346687445697e+00	9.587756610325e+02	0.000000e+00	0.000000e+00	0.000000e+00	0.000000e+00	1.033484e-13	1.481410e-14	1.730321872995e+01	1.016728330244e+03
151.84	1.417354e+03	0.000000e+00	2.721406e+02	1.551350e+03	-1.825063e+02	0.000000e+00	0.000000e+00	0.000000e+00	3.075621e+03	6.033052e-01	2.195893e-01	1.560620e+02	0.000000e+00	1.358219184843e+03	0.000000000000e+00	1.358219184843e+03	4.821946e-02	1.201005e+01	1.345925265739e+00	9.462921489141e+02	0.000000e+00	0.000000e+00	0.000000e+00	0.000000e+00	1.031736e-13	1.481412e-14	1.728274773296e+01	1.013822991846e+03
153.84	1.417167e+03	0.000000e+00	2.696395e+02	1.548755e+03	-1.820956e+02	0.000000e+00	0.000000e+00	0.000000e+00	3.070715e+03	6.132845e-01	2.306673e-01	1.557346e+02	0.000000e+00	1.356478987051e+03	0.000000000000e+00	1.356478987051e+03	5.320739e-02	1.214758e+01	1.354003216092e+00	9.385725085351e+02	0.000000e+00	0.000000e+00	0.000000e+00	0.000000e+00	1.031959e-13	1.481415e-14	1.724923545178e+01	1.011263151178e+03
155.84	1.417658e+03	0.000000e+00	2.690164e+02	1.545704e+03	-1.824678e+02	0.000000e+00	0.000000e+00	0.000000e+00	3.067113e+03	6.233034e-01	2.421579e-01	1.563519e+02	0.000000e+00	1.354993110694e+03	0.000000000000e+00	1.354993110694e+03	5.864043e-02	1.229583e+01	1.366751163277e+00	9.350411209770e+02	0.000000e+00	0.000000e+00	0.000000e+00	0.000000e+00	1.031625e-13	1.481422e-14	1.720316023341e+01	1.009597483872e+03
157.83	1.419032e+03	0.000000e+00	2.709887e+02	1.541944e+03	-1.833257e+02	0.000000e+00	0.000000e+00	0.000000e+00	3.065796e+03	6.303855e-01	2.505062e-01	1.576900e+02	0.000000e+00	1.353773306261e+03	0.000000000000e+00	1.353773306261e+03	6.275338e-02	1.245997e+01	1.371861369625e+00	9.342089178589e+02	0.000000e+00	0.000000e+00	0.000000e+00	0.000000e+00	1.033845e-13	1.481425e-14	1.715713581501e+01	1.008966994842e+03
159.83	1.419914e+03	0.000000e+00	2.754035e+02	1.539028e+03	-1.841610e+02	0.000000e+00	0.000000e+00	0.000000e+00	3.067301e+03	6.421496e-01	2.647943e-01	1.591387e+02	0.000000e+00	1.352696827909e+03	0.000000000000e+00	1.352696827909e+03	7.011602e-02	1.262938e+01	1.386488808837e+00	9.348714445845e+02	0.000000e+00	0.000000e+00	0.000000e+00	0.000000e+00	1.037177e-13	1.481425e-14	1.711616019188e+01	1.009199630254e+03
161.83	1.419164e+03	0.000000e+00	2.813505e+02	1.538025e+03	-1.847952e+02	0.000000e+00	0.000000e+00	0.000000e+00	3.070812e+03	6.621718e-01	2.903435e-01	1.599335e+02	0.000000e+00	1.351573030148e+03	0.000000000000e+00	1.351573030148e+03	8.429935e-02	1.279077e+01	1.411710897568e+00	9.367494925059e+02	0.000000e+00	0.000000e+00	0.000000e+00	0.000000e+00	1.039592e-13	1.481430e-14	1.706723007862e+01	1.009738339825e+03
163.83	1.417077e+03	0.000000e+00	2.876000e+02	1.538280e+03	-1.853245e+02	0.000000e+00	0.000000e+00	0.000000e+00	3.074620e+03	6.692703e-01	2.997814e-01	1.598083e+02	0.000000e+00	1.350237554949e+03	0.000000000000e+00	1.350237554949e+03	8.986889e-02	1.293917e+01	1.426444518425e+00	9.395007625899e+02	0.000000e+00	0.000000e+00	0.000000e+00	0.000000e+00	1.039509e-13	1.481440e-14	1.698794492059e+01	1.009947947566e+03
165.83	1.414772e+03	0.000000e+00	2.932598e+02	1.538285e+03	-1.857974e+02	0.000000e+00	0.000000e+00	0.000000e+00	3.077386e+03	6.440189e-01	2.671135e-01	1.591721e+02	0.000000e+00	1.348580756398e+03	0.000000000000e+00	1.348580756398e+03	7.134960e-02	1.307582e+01	1.391355593505e+00	9.422647388514e+02	0.000000e+00	0.000000e+00	0.000000e+00	0.000000e+00	1.038565e-13	1.481444e-14	1.686633585819e+01	1.009543701983e+03
167.82	1.412557e+03	0.000000e+00	2.981905e+02	1.537520e+03	-1.866758e+02	0.000000e+00	0.000000e+00	0.000000e+00	3.078303e+03	6.172948e-01	2.352220e-01	1.586656e+02	0.000000e+00	1.346530442772e+03	0.000000000000e+00	1.346530442772e+03	5.532937e-02	1.319863e+01	1.361235467886e+00	9.445136078505e+02	0.000000e+00	0.000000e+00	0.000000e+00	0.000000e+00	1.039064e-13	1.481447e-14	1.671160224847e+01	1.008523423593e+03
169.82	1.409596e+03	0.000000e+00	3.018458e+02	1.536895e+03	-1.879102e+02	0.000000e+00	0.000000e+00	0.000000e+00	3.076974e+03	6.087859e-01	2.256284e-01	1.586489e+02	0.000000e+00	1.344063868015e+03	0.000000000000e+00	1.344063868015e+03	5.090817e-02	1.330045e+01	1.356897040997e+00	9.464150091407e+02	0.000000e+00	0.000000e+00	0.000000e+00	0.000000e+00	1.038980e-13	1.481451e-14	1.654721902720e+01	1.006896613720e+03
171.82	1.406206e+03	0.000000e+00	3.035668e+02	1.536118e+03	-1.884714e+02	0.000000e+00	0.000000e+00	0.000000e+00	3.073817e+03	6.107175e-01	2.277829e-01	1.589096e+02	0.000000e+00	1.341241852811e+03	0.000000000000e+00	1.341241852811e+03	5.188503e-02	1.338426e+01	1.351825884250e+00	9.482627204198e+02	0.000000e+00	0.000000e+00	0.000000e+00	0.000000e+00	1.038841e-13	1.481459e-14	1.639811012225e+01	1.004671124285e+03
173.82	1.403155e+03	0.000000e+00	3.042172e+02	1.534596e+03	-1.881289e+02	0.000000e+00	0.000000e+00	0.000000e+00	3.070121e+03	6.260287e-01	2.453481e-01	1.592393e+02	0.000000e+00	1.338213743609e+03	0.000000000000e+00	1.338213743609e+03	6.019567e-02	1.345896e+01	1.364794353663e+00	9.499385429127e+02	0.000000e+00	0.000000e+00	0.000000e+00	0.000000e+00	1.037453e-13	1.481460e-14	1.628204783109e+01	1.002029651580e+03
175.82	1.400755e+03	0.000000e+00	3.057760e+02	1.532310e+03	-1.876298e+02	0.000000e+00	0.000000e+00	0.000000e+00	3.067414e+03	6.393303e-01	2.613219e-01	1.596151e+02	0.000000e+00	1.335162972337e+03	0.000000000000e+00	1.335162972337e+03	6.828914e-02	1.353287e+01	1.381831844371e+00	9.509190658051e+02	0.000000e+00	0.000000e+00	0.000000e+00	0.000000e+00	1.040145e-13	1.481467e-14	1.620369411025e+01	9.993307909282e+02
177.81	1.398933e+03	0.000000e+00	3.097007e+02	1.529549e+03	-1.876089e+02	0.000000e+00	0.000000e+00	0.000000e+00	3.066727e+03	6.396165e-01	2.616731e-01	1.600371e+02	0.000000e+00	1.332222056096e+03	0.000000000000e+00	1.332222056096e+03	6.847279e-02	1.361145e+01	1.379622750428e+00	9.509780174737e+02	0.000000e+00	0.000000e+00	0.000000e+00	0.000000e+00	1.041034e-13	1.481470e-14	1.615214856663e+01	9.968764395237e+02
179.81	1.397500e+03	0.000000e+00	3.158929e+02	1.526625e+03	-1.880521e+02	0.000000e+00	0.000000e+00	0.000000e+00	3.068073e+03	6.345338e-01	2.554843e-01	1.604216e+02	0.000000e+00	1.329434341495e+03	0.000000000000e+00	1.329434341495e+03	6.527224e-02	1.369658e+01	1.372266386209e+00	9.507189721923e+02	0.000000e+00	0.000000e+00	0.000000e+00	0.000000e+00	1.037704e-13	1.481475e-14	1.610736759063e+01	9.948328204719e+02
181.81	1.396289e+03	0.000000e+00	3.232692e+02	1.523681e+03	-1.887043e+02	0.000000e+00	0.000000e+00	0.000000e+00	3.070587e+03	6.338469e-01	2.546556e-01	1.606960e+02	0.000000e+00	1.326779369405e+03	0.000000000000e+00	1.326779369405e+03	6.484946e-02	1.378799e+01	1.371380216059e+00	9.507246611728e+02	0.000000e+00	0.000000e+00	0.000000e+00	0.000000e+00	1.037954e-13	1.481476e-14	1.605158945170e+01	9.932594471656e+02
183.81	1.395295e+03	0.000000e+00	3.306760e+02	1.520559e+03	-1.892160e+02	0.000000e+00	0.000000e+00	0.000000e+00	3.073291e+03	6.365874e-01	2.579729e-01	1.608702e+02	0.000000e+00	1.324187546733e+03	0.000000000000e+00	1.324187546733e+03	6.655000e-02	1.388458e+01	1.374804117876e+00	9.510270722568e+02	0.000000e+00	0.000000e+00	0.000000e+00	0.000000e+00	1.037066e-13	1.481480e-14	1.597782745367e+01	9.922406237476e+02
185.81	1.394350e+03	0.000000e+00	3.374950e+02	1.517209e+03	-1.892955e+02	0.000000e+00	0.000000e+00	0.000000e+00	3.075650e+03	6.378993e-01	2.595711e-01	1.609461e+02	0.000000e+00	1.321516121986e+03	0.000000000000e+00	1.321516121986e+03	6.737717e-02	1.398074e+01	1.376791210049e+00	9.512364669100e+02	0.000000e+00	0.000000e+00	0.000000e+00	0.000000e+00	1.040313e-13	1.481483e-14	1.589146183713e+01	9.919518979454e+02
187.80	1.392810e+03	0.000000e+00	3.437041e+02	1.514085e+03	-1.889440e+02	0.000000e+00	0.000000e+00	0.000000e+00	3.077460e+03	6.404131e-01	2.626520e-01	1.608372e+02	0.000000e+00	1.318556623784e+03	0.000000000000e+00	1.318556623784e+03	6.898606e-02	1.406437e+01	1.380759082452e+00	9.508320663627e+02	0.000000e+00	0.000000e+00	0.000000e+00	0.000000e+00	1.040035e-13	1.481484e-14	1.580478437404e+01	9.923682133561e+02
189.80	1.389776e+03	0.000000e+00	3.494591e+02	1.511961e+03	-1.884374e+02	0.000000e+00	0.000000e+00	0.000000e+00	3.078487e+03	6.442932e-01	2.674550e-01	1.604553e+02	0.000000e+00	1.315127782682e+03	0.000000000000e+00	1.315127782682e+03	7.153217e-02	1.412190e+01	1.386531869836e+00	9.495629032338e+02	0.000000e+00	0.000000e+00	0.000000e+00	0.000000e+00	1.040618e-13	1.481485e-14	1.572780839110e+01	9.933391401266e+02
191.80	1.385119e+03	0.000000e+00	3.546051e+02	1.510988e+03	-1.878326e+02	0.000000e+00	0.000000e+00	0.000000e+00	3.078541e+03	6.435656e-01	2.665498e-01	1.597918e+02	0.000000e+00	1.311221182081e+03	0.000000000000e+00	1.311221182081e+03	7.104880e-02	1.415009e+01	1.385455167223e+00	9.475245162271e+02	0.000000e+00	0.000000e+00	0.000000e+00	0.000000e+00	1.036677e-13	1.481485e-14	1.566166630048e+01	9.945155975601e+02
193.80	1.379660e+03	0.000000e+00	3.589703e+02	1.510532e+03	-1.872323e+02	0.000000e+00	0.000000e+00	0.000000e+00	3.077530e+03	6.347464e-01	2.557413e-01	1.589961e+02	0.000000e+00	1.307036046279e+03	0.000000000000e+00	1.307036046279e+03	6.540360e-02	1.415924e+01	1.372127948427e+00	9.449351135354e+02	0.000000e+00	0.000000e+00	0.000000e+00	0.000000e+00	1.040285e-13	1.481489e-14	1.559968778111e+01	9.954914266805e+02
195.79	1.374394e+03	0.000000e+00	3.625092e+02	1.509810e+03	-1.867796e+02	0.000000e+00	0.000000e+00	0.000000e+00	3.075468e+03	6.247350e-01	2.438302e-01	1.582588e+02	0.000000e+00	1.302820354847e+03	0.000000000000e+00	1.302820354847e+03	5.945316e-02	1.416388e+01	1.360523791854e+00	9.420112357774e+02	0.000000e+00	0.000000e+00	0.000000e+00	0.000000e+00	1.038981e-13	1.481490e-14	1.553464372058e+01	9.960431134058e+02
197.79	1.369894e+03	0.000000e+00	3.651946e+02	1.508346e+03	-1.863933e+02	0.000000e+00	0.000000e+00	0.000000e+00	3.072505e+03	6.189439e-01	2.371122e-01	1.576694e+02	0.000000e+00	1.298717662221e+03	0.000000000000e+00	1.298717662221e+03	5.622219e-02	1.417344e+01	1.354562245302e+00	9.390867142768e+02	0.000000e+00	0.000000e+00	0.000000e+00	0.000000e+00	1.031598e-13	1.481495e-14	1.546452734970e+01	9.960994081167e+02
199.79	1.366561e+03	0.000000e+00	3.671820e+02	1.505772e+03	-1.857802e+02	0.000000e+00	0.000000e+00	0.000000e+00	3.069127e+03	6.193973e-01	2.376336e-01	1.571702e+02	0.000000e+00	1.294803443103e+03	0.000000000000e+00	1.294803443103e+03	5.646974e-02	1.419360e+01	1.355906744976e+00	9.364987096602e+02	0.000000e+00	0.000000e+00	0.000000e+00	0.000000e+00	1.033985e-13	1.481500e-14	1.539227833040e+01	9.956925517438e+02
201.79	1.364448e+03	0.000000e+00	3.691145e+02	1.502091e+03	-1.848308e+02	0.000000e+00	0.000000e+00	0.000000e+00	3.066145e+03	6.263717e-01	2.457516e-01	1.566819e+02	0.000000e+00	1.291101166479e+03	0.000000000000e+00	1.291101166479e+03	6.039384e-02	1.422531e+01	1.366202522827e+00	9.343336380193e+02	0.000000e+00	0.000000e+00	0.000000e+00	0.000000e+00	1.033346e-13	1.481503e-14	1.532246630970e+01	9.948885429350e+02
203.79	1.362977e+03	0.000000e+00	3.719484e+02	1.497839e+03	-1.838043e+02	0.000000e+00	0.000000e+00	0.000000e+00	3.064218e+03	6.330520e-01	2.536986e-01	1.562163e+02	0.000000e+00	1.287500511638e+03	0.000000000000e+00	1.287500511638e+03	6.436300e-02	1.426089e+01	1.376378387612e+00	9.324763732580e+02	0.000000e+00	0.000000e+00	0.000000e+00	0.000000e+00	1.031126e-13	1.481505e-14	1.525785441527e+01	9.937895795599e+02
205.78	1.361318e+03	0.000000e+00	3.764113e+02	1.493753e+03	-1.830882e+02	0.000000e+00	0.000000e+00	0.000000e+00	3.063591e+03	6.349348e-01	2.559690e-01	1.558588e+02	0.000000e+00	1.283849413453e+03	0.000000000000e+00	1.283849413453e+03	6.552011e-02	1.428948e+01	1.378267298406e+00	9.308755803490e+02	0.000000e+00	0.000000e+00	0.000000e+00	0.000000e+00	1.033429e-13	1.481514e-14	1.519689326325e+01	9.925260270226e+02
207.78	1.358955e+03	0.000000e+00	3.825785e+02	1.490473e+03	-1.828857e+02	0.000000e+00	0.000000e+00	0.000000e+00	3.064255e+03	6.328326e-01	2.534350e-01	1.556937e+02	0.000000e+00	1.280169232202e+03	0.000000000000e+00	1.280169232202e+03	6.422928e-02	1.430798e+01	1.374435991971e+00	9.297036255420e+02	0.000000e+00	0.000000e+00	0.000000e+00	0.000000e+00	1.035983e-13	1.481519e-14	1.513359806561e+01	9.912953201854e+02
209.78	1.355929e+03	0.000000e+00	3.899031e+02	1.488286e+03	-1.831475e+02	0.000000e+00	0.000000e+00	0.000000e+00	3.066031e+03	6.302067e-01	2.502931e-01	1.557497e+02	0.000000e+00	1.276666410793e+03	0.000000000000e+00	1.276666410793e+03	6.264666e-02	1.432418e+01	1.370310827105e+00	9.291887030186e+02	0.000000e+00	0.000000e+00	0.000000e+00	0.000000e+00	1.037760e-13	1.481521e-14	1.506029321928e+01	9.901869466982e+02
211.78	1.352708e+03	0.000000e+00	3.976192e+02	1.486979e+03	-1.836739e+02	0.000000e+00	0.000000e+00	0.000000e+00	3.068604e+03	6.293385e-01	2.492602e-01	1.559935e+02	0.000000e+00	1.273563332196e+03	0.000000000000e+00	1.273563332196e+03	6.213066e-02	1.435060e+01	1.368762401627e+00	9.294664437801e+02	0.000000e+00	0.000000e+00	0.000000e+00	0.000000e+00	1.037649e-13	1.481526e-14	1.497162443975e+01	9.892386754115e+02
213.78	1.349855e+03	0.000000e+00	4.051403e+02	1.486008e+03	-1.842069e+02	0.000000e+00	0.000000e+00	0.000000e+00	3.071664e+03	6.296210e-01	2.495960e-01	1.563302e+02	0.000000e+00	1.270939943066e+03	0.000000000000e+00	1.270939943066e+03	6.229816e-02	1.439566e+01	1.367915549756e+00	9.304948529098e+02	0.000000e+00	0.000000e+00	0.000000e+00	0.000000e+00	1.040452e-13	1.481529e-14	1.486736782459e+01	9.885219729262e+02
215.77	1.347695e+03	0.000000e+00	4.122578e+02	1.484838e+03	-1.845764e+02	0.000000e+00	0.000000e+00	0.000000e+00	3.074967e+03	6.312335e-01	2.515186e-01	1.566252e+02	0.000000e+00	1.268699005153e+03	0.000000000000e+00	1.268699005153e+03	6.326159e-02	1.445921e+01	1.371908753636e+00	9.320371397747e+02	0.000000e+00	0.000000e+00	0.000000e+00	0.000000e+00	1.038453e-13	1.481530e-14	1.475267857392e+01	9.880790218515e+02
217.77	1.346150e+03	0.000000e+00	4.191215e+02	1.483266e+03	-1.848361e+02	0.000000e+00	0.000000e+00	0.000000e+00	3.078337e+03	6.334531e-01	2.541812e-01	1.567908e+02	0.000000e+00	1.266654258040e+03	0.000000000000e+00	1.266654258040e+03	6.460808e-02	1.453418e+01	1.373931042195e+00	9.337943968839e+02	0.000000e+00	0.000000e+00	0.000000e+00	0.000000e+00	1.037287e-13	1.481532e-14	1.463565317418e+01	9.878485747141e+02
219.77	1.344996e+03	0.000000e+00	4.260008e+02	1.481295e+03	-1.850786e+02	0.000000e+00	0.000000e+00	0.000000e+00	3.081737e+03	6.336016e-01	2.543600e-01	1.568257e+02	0.000000e+00	1.264642473219e+03	0.000000000000e+00	1.264642473219e+03	6.469901e-02	1.461275e+01	1.376351981098e+00	9.355114415780e+02	0.000000e+00	0.000000e+00	0.000000e+00	0.000000e+00	1.038509e-13	1.481536e-14	1.452343557157e+01	9.876848931439e+02
221.77	1.344074e+03	0.000000e+00	4.331628e+02	1.478982e+03	-1.853331e+02	0.000000e+00	0.000000e+00	0.000000e+00	3.085306e+03	6.303552e-01	2.504702e-01	1.568104e+02	0.000000e+00	1.262583682001e+03	0.000000000000e+00	1.262583682001e+03	6.273531e-02	1.469040e+01	1.372859213706e+00	9.370365565732e+02	0.000000e+00	0.000000e+00	0.000000e+00	0.000000e+00	1.040896e-13	1.481539e-14	1.441915326360e+01	9.873855917061e+02
223.77	1.343164e+03	0.000000e+00	4.409138e+02	1.476578e+03	-1.856205e+02	0.000000e+00	0.000000e+00	0.000000e+00	3.089356e+03	6.263343e-01	2.457076e-01	1.568654e+02	0.000000e+00	1.260473616964e+03	0.000000000000e+00	1.260473616964e+03	6.037220e-02	1.476516e+01	1.366400662439e+00	9.382936726759e+02	0.000000e+00	0.000000e+00	0.000000e+00	0.000000e+00	1.037204e-13	1.481538e-14	1.432132064108e+01	9.867345875209e+02
225.76	1.342000e+03	0.000000e+00	4.495697e+02	1.474448e+03	-1.858955e+02	0.000000e+00	0.000000e+00	0.000000e+00	3.094348e+03	6.258933e-01	2.451889e-01	1.570606e+02	0.000000e+00	1.258349418548e+03	0.000000000000e+00	1.258349418548e+03	6.011761e-02	1.483673e+01	1.364292465879e+00	9.392506682984e+02	0.000000e+00	0.000000e+00	0.000000e+00	0.000000e+00	1.034207e-13	1.481541e-14	1.422553403181e+01	9.856110511302e+02
227.76	1.340534e+03	0.000000e+00	4.594027e+02	1.472760e+03	-1.860235e+02	0.000000e+00	0.000000e+00	0.000000e+00	3.100800e+03	6.304176e-01	2.505446e-01	1.573536e+02	0.000000e+00	1.256277187242e+03	0.000000000000e+00	1.256277187242e+03	6.277260e-02	1.490747e+01	1.371261327453e+00	9.399075018569e+02	0.000000e+00	0.000000e+00	0.000000e+00	0.000000e+00	1.031848e-13	1.481544e-14	1.412646078123e+01	9.839640711682e+02
229.76	1.338916e+03	0.000000e+00	4.706606e+02	1.471479e+03	-1.859254e+02	0.000000e+00	0.000000e+00	0.000000e+00	3.109149e+03	6.372029e-01	2.587219e-01	1.576264e+02	0.000000e+00	1.254338435718e+03	0.000000000000e+00	1.254338435718e+03	6.693702e-02	1.498185e+01	1.377925626856e+00	9.402433607895e+02	0.000000e+00	0.000000e+00	0.000000e+00	0.000000e+00	1.031293e-13	1.481544e-14	1.401872009562e+01	9.818164965177e+02
231.76	1.337337e+03	0.000000e+00	4.834825e+02	1.470468e+03	-1.856773e+02	0.000000e+00	0.000000e+00	0.000000e+00	3.119507e+03	6.422146e-01	2.648747e-01	1.577517e+02	0.000000e+00	1.252585587492e+03	0.000000000000e+00	1.252585587492e+03	7.015863e-02	1.506384e+01	1.384187835697e+00	9.402248083608e+02	0.000000e+00	0.000000e+00	0.000000e+00	0.000000e+00	1.038731e-13	1.481550e-14	1.389706621463e+01	9.792527605563e+02
233.75	1.335936e+03	0.000000e+00	4.976716e+02	1.469562e+03	-1.854028e+02	0.000000e+00	0.000000e+00	0.000000e+00	3.131524e+03	6.430414e-01	2.658991e-01	1.576425e+02	0.000000e+00	1.251018554643e+03	0.000000000000e+00	1.251018554643e+03	7.070231e-02	1.515513e+01	1.385254172164e+00	9.398823109910e+02	0.000000e+00	0.000000e+00	0.000000e+00	0.000000e+00	1.039758e-13	1.481551e-14	1.375697096504e+01	9.763590968826e+02
235.75	1.334756e+03	0.000000e+00	5.125903e+02	1.468659e+03	-1.851604e+02	0.000000e+00	0.000000e+00	0.000000e+00	3.144441e+03	6.397504e-01	2.618374e-01	1.572881e+02	0.000000e+00	1.249609253700e+03	0.000000000000e+00	1.249609253700e+03	6.855883e-02	1.525549e+01	1.381236086675e+00	9.393389452165e+02	0.000000e+00	0.000000e+00	0.000000e+00	0.000000e+00	1.037565e-13	1.481554e-14	1.359611686682e+01	9.732080375678e+02
237.75	1.333773e+03	0.000000e+00	5.273319e+02	1.467726e+03	-1.849145e+02	0.000000e+00	0.000000e+00	0.000000e+00	3.157333e+03	6.342443e-01	2.551349e-01	1.567538e+02	0.000000e+00	1.248325683503e+03	0.000000000000e+00	1.248325683503e+03	6.509380e-02	1.536362e+01	1.374518988092e+00	9.387299594246e+02	0.000000e+00	0.000000e+00	0.000000e+00	0.000000e+00	1.038509e-13	1.481559e-14	1.341639244473e+01	9.698372305261e+02
239.75	1.332923e+03	0.000000e+00	5.411205e+02	1.466771e+03	-1.845912e+02	0.000000e+00	0.000000e+00	0.000000e+00	3.169449e+03	6.291814e-01	2.490736e-01	1.561511e+02	0.000000e+00	1.247128962563e+03	0.000000000000e+00	1.247128962563e+03	6.203765e-02	1.547715e+01	1.368830043231e+00	9.380807900867e+02	0.000000e+00	0.000000e+00	0.000000e+00	0.000000e+00	1.039341e-13	1.481558e-14	1.322500656676e+01	9.662090327729e+02
241.75	1.332057e+03	0.000000e+00	5.536949e+02	1.465881e+03	-1.841691e+02	0.000000e+00	0.000000e+00	0.000000e+00	3.180497e+03	6.262703e-01	2.456323e-01	1.555960e+02	0.000000e+00	1.245964892785e+03	0.000000000000e+00	1.245964892785e+03	6.033523e-02	1.559238e+01	1.366074616367e+00	9.372847060535e+02	0.000000e+00	0.000000e+00	0.000000e+00	0.000000e+00	1.041145e-13	1.481563e-14	1.303328863524e+01	9.622711396562e+02
243.74	1.331024e+03	0.000000e+00	5.653758e+02	1.465133e+03	-1.836603e+02	0.000000e+00	0.000000e+00	0.000000e+00	3.190726e+03	6.259086e-01	2.452069e-01	1.551558e+02	0.000000e+00	1.244767727354e+03	0.000000000000e+00	1.244767727354e+03	6.012644e-02	1.570499e+01	1.365966674686e+00	9.361999388155e+02	0.000000e+00	0.000000e+00	0.000000e+00	0.000000e+00	1.038813e-13	1.481566e-14	1.285322023032e+01	9.579266764360e+02
245.74	1.329779e+03	0.000000e+00	5.768591e+02	1.464497e+03	-1.830824e+02	0.000000e+00	0.000000e+00	0.000000e+00	3.200745e+03	6.273351e-01	2.468873e-01	1.548327e+02	0.000000e+00	1.243476570063e+03	0.000000000000e+00	1.243476570063e+03	6.095332e-02	1.581166e+01	1.367033784130e+00	9.347694119090e+02	0.000000e+00	0.000000e+00	0.000000e+00	0.000000e+00	1.037259e-13	1.481575e-14	1.269288958484e+01	9.530161503994e+02
247.74	1.328390e+03	0.000000e+00	5.889409e+02	1.463824e+03	-1.824560e+02	0.000000e+00	0.000000e+00	0.000000e+00	3.211252e+03	6.293816e-01	2.493114e-01	1.545830e+02	0.000000e+00	1.242051158569e+03	0.000000000000e+00	1.242051158569e+03	6.215615e-02	1.591118e+01	1.368188809351e+00	9.330652860918e+02	0.000000e+00	0.000000e+00	0.000000e+00	0.000000e+00	1.038009e-13	1.481575e-14	1.255245868356e+01	9.473132243753e+02
249.74	1.327064e+03	0.000000e+00	6.022844e+02	1.462852e+03	-1.817803e+02	0.000000e+00	0.000000e+00	0.000000e+00	3.222842e+03	6.316060e-01	2.519641e-01	1.543372e+02	0.000000e+00	1.240480565880e+03	0.000000000000e+00	1.240480565880e+03	6.348591e-02	1.600467e+01	1.369994356892e+00	9.312758239182e+02	0.000000e+00	0.000000e+00	0.000000e+00	0.000000e+00	1.038647e-13	1.481580e-14	1.242244936207e+01	9.405163663907e+02
251.74	1.326002e+03	0.000000e+00	6.173302e+02	1.461361e+03	-1.810533e+02	0.000000e+00	0.000000e+00	0.000000e+00	3.235925e+03	6.339525e-01	2.547828e-01	1.540302e+02	0.000000e+00	1.238782614713e+03	0.000000000000e+00	1.238782614713e+03	6.491430e-02	1.609458e+01	1.373173732679e+00	9.296513150453e+02	0.000000e+00	0.000000e+00	0.000000e+00	0.000000e+00	1.041895e-13	1.481577e-14	1.228506680206e+01	9.322702309685e+02
253.73	1.325271e+03	0.000000e+00	6.342839e+02	1.459320e+03	-1.802757e+02	0.000000e+00	0.000000e+00	0.000000e+00	3.250717e+03	6.358590e-01	2.570884e-01	1.536203e+02	0.000000e+00	1.236988600677e+03	0.000000000000e+00	1.236988600677e+03	6.609444e-02	1.618275e+01	1.376598407428e+00	9.284301480890e+02	0.000000e+00	0.000000e+00	0.000000e+00	0.000000e+00	1.045698e-13	1.481579e-14	1.211885595252e+01	9.222040998749e+02
255.73	1.324724e+03	0.000000e+00	6.531447e+02	1.456931e+03	-1.794756e+02	0.000000e+00	0.000000e+00	0.000000e+00	3.267231e+03	6.366870e-01	2.580940e-01	1.531030e+02	0.000000e+00	1.235116902929e+03	0.000000000000e+00	1.235116902929e+03	6.661250e-02	1.626875e+01	1.378806947984e+00	9.277738080999e+02	0.000000e+00	0.000000e+00	0.000000e+00	0.000000e+00	1.047836e-13	1.481585e-14	1.190578394898e+01	9.098931982838e+02
257.73	1.324010e+03	0.000000e+00	6.737137e+02	1.454589e+03	-1.787397e+02	0.000000e+00	0.000000e+00	0.000000e+00	3.285211e+03	6.360047e-01	2.572651e-01	1.525247e+02	0.000000e+00	1.233151088747e+03	0.000000000000e+00	1.233151088747e+03	6.618535e-02	1.634916e+01	1.378867396340e+00	9.277278820826e+02	0.000000e+00	0.000000e+00	0.000000e+00	0.000000e+00	1.045948e-13	1.481582e-14	1.163743662951e+01	8.948479104096e+02
259.73	1.322751e+03	0.000000e+00	6.955928e+02	1.452654e+03	-1.781776e+02	0.000000e+00	0.000000e+00	0.000000e+00	3.304139e+03	6.334707e-01	2.542024e-01	1.519776e+02	0.000000e+00	1.231037349325e+03	0.000000000000e+00	1.231037349325e+03	6.461887e-02	1.641870e+01	1.376032658860e+00	9.282399010119e+02	0.000000e+00	0.000000e+00	0.000000e+00	0.000000e+00	1.048362e-13	1.481585e-14	1.131784643191e+01	8.765398452515e+02
261.73	1.320725e+03	0.000000e+00	7.182802e+02	1.451271e+03	-1.778792e+02	0.000000e+00	0.000000e+00	0.000000e+00	3.323359e+03	6.292936e-01	2.492069e-01	1.515757e+02	0.000000e+00	1.228701511288e+03	0.000000000000e+00	1.228701511288e+03	6.210407e-02	1.647254e+01	1.370329916851e+00	9.291927651984e+02	0.000000e+00	0.000000e+00	0.000000e+00	0.000000e+00	1.046641e-13	1.481589e-14	1.096180895229e+01	8.544568667463e+02
263.72	1.318014e+03	0.000000e+00	7.412835e+02	1.450228e+03	-1.778431e+02	0.000000e+00	0.000000e+00	0.000000e+00	3.342272e+03	6.247577e-01	2.438568e-01	1.513962e+02	0.000000e+00	1.226073148012e+03	0.000000000000e+00	1.226073148012e+03	5.946614e-02	1.650835e+01	1.363420622315e+00	9.304296822747e+02	0.000000e+00	0.000000e+00	0.000000e+00	0.000000e+00	1.047056e-13	1.481589e-14	1.058962067472e+01	8.282787683598e+02
265.72	1.314982e+03	0.000000e+00	7.643640e+02	1.449013e+03	-1.779468e+02	0.000000e+00	0.000000e+00	0.000000e+00	3.360632e+03	6.218965e-01	2.405218e-01	1.514367e+02	0.000000e+00	1.223106057122e+03	0.000000000000e+00	1.223106057122e+03	5.785071e-02	1.652712e+01	1.358272115644e+00	9.317824570036e+02	0.000000e+00	0.000000e+00	0.000000e+00	0.000000e+00	1.044308e-13	1.481589e-14	1.022067053365e+01	7.978938000795e+02
267.72	1.312137e+03	0.000000e+00	7.877023e+02	1.446992e+03	-1.779729e+02	0.000000e+00	0.000000e+00	0.000000e+00	3.378727e+03	6.225678e-01	2.413014e-01	1.516116e+02	0.000000e+00	1.219788454296e+03	0.000000000000e+00	1.219788454296e+03	5.822638e-02	1.653232e+01	1.360010091748e+00	9.330906646381e+02	0.000000e+00	0.000000e+00	0.000000e+00	0.000000e+00	1.041282e-13	1.481592e-14	9.867873245918e+00	7.633974310815e+02
269.72	1.309873e+03	0.000000e+00	8.120229e+02	1.443733e+03	-1.777168e+02	0.000000e+00	0.000000e+00	0.000000e+00	3.397446e+03	6.263651e-01	2.457438e-01	1.518029e+02	0.000000e+00	1.216140490616e+03	0.000000000000e+00	1.216140490616e+03	6.039002e-02	1.652765e+01	1.364912178609e+00	9.342232142887e+02	0.000000e+00	0.000000e+00	0.000000e+00	0.000000e+00	1.039645e-13	1.481596e-14	9.534280940347e+00	7.251644786954e+02
271.72	1.308274e+03	0.000000e+00	8.383972e+02	1.439212e+03	-1.770975e+02	0.000000e+00	0.000000e+00	0.000000e+00	3.417998e+03	6.323754e-01	2.528861e-01	1.519102e+02	0.000000e+00	1.212204066213e+03	0.000000000000e+00	1.212204066213e+03	6.395136e-02	1.651507e+01	1.370883765175e+00	9.350971236108e+02	0.000000e+00	0.000000e+00	0.000000e+00	0.000000e+00	1.038451e-13	1.481601e-14	9.211666647094e+00	6.838406429733e+02
273.71	1.307055e+03	0.000000e+00	8.679096e+02	1.433873e+03	-1.761833e+02	0.000000e+00	0.000000e+00	0.000000e+00	3.441535e+03	6.391757e-01	2.611324e-01	1.518803e+02	0.000000e+00	1.208032143591e+03	0.000000000000e+00	1.208032143591e+03	6.819013e-02	1.649382e+01	1.380877175498e+00	9.356859845201e+02	0.000000e+00	0.000000e+00	0.000000e+00	0.000000e+00	1.036259e-13	1.481603e-14	8.881160505924e+00	6.405022073060e+02
275.71	1.305674e+03	0.000000e+00	9.012119e+02	1.428453e+03	-1.751456e+02	0.000000e+00	0.000000e+00	0.000000e+00	3.468710e+03	6.440005e-01	2.670907e-01	1.517097e+02	0.000000e+00	1.203681743381e+03	0.000000000000e+00	1.203681743381e+03	7.133742e-02	1.646134e+01	1.387843613375e+00	9.360134052390e+02	0.000000e+00	0.000000e+00	0.000000e+00	0.000000e+00	1.034900e-13	1.481609e-14	8.515791208865e+00	5.966646544891e+02
277.71	1.303589e+03	0.000000e+00	9.381546e+02	1.423683e+03	-1.741621e+02	0.000000e+00	0.000000e+00	0.000000e+00	3.499350e+03	6.456176e-01	2.691077e-01	1.514330e+02	0.000000e+00	1.199209639370e+03	0.000000000000e+00	1.199209639370e+03	7.241895e-02	1.641512e+01	1.390139707059e+00	9.361329540703e+02	0.000000e+00	0.000000e+00	0.000000e+00	0.000000e+00	1.036315e-13	1.481614e-14	8.085056195130e+00	5.542928106079e+02
279.71	1.300424e+03	0.000000e+00	9.775914e+02	1.420085e+03	-1.733678e+02	0.000000e+00	0.000000e+00	0.000000e+00	3.532294e+03	6.436648e-01	2.666731e-01	1.511251e+02	0.000000e+00	1.194666057275e+03	0.000000000000e+00	1.194666057275e+03	7.111454e-02	1.635394e+01	1.387250549185e+00	9.360931916015e+02	0.000000e+00	0.000000e+00	0.000000e+00	0.000000e+00	1.041700e-13	1.481613e-14	7.561087877946e+00	5.157168832958e+02
281.70	1.296075e+03	0.000000e+00	1.017258e+03	1.417839e+03	-1.728585e+02	0.000000e+00	0.000000e+00	0.000000e+00	3.565239e+03	6.389554e-01	2.608625e-01	1.508995e+02	0.000000e+00	1.190084701324e+03	0.000000000000e+00	1.190084701324e+03	6.804922e-02	1.627841e+01	1.380411236886e+00	9.359171909380e+02	0.000000e+00	0.000000e+00	0.000000e+00	0.000000e+00	1.038119e-13	1.481613e-14	6.925625381356e+00	4.832310257303e+02
283.70	1.290731e+03	0.000000e+00	1.053632e+03	1.416750e+03	-1.727701e+02	0.000000e+00	0.000000e+00	0.000000e+00	3.594519e+03	6.332541e-01	2.539417e-01	1.509066e+02	0.000000e+00	1.185475040749e+03	0.000000000000e+00	1.185475040749e+03	6.448640e-02	1.619104e+01	1.372286661607e+00	9.356101736701e+02	0.000000e+00	0.000000e+00	0.000000e+00	0.000000e+00	1.039561e-13	1.481614e-14	6.176504806422e+00	4.581296881537e+02
285.70	1.284730e+03	0.000000e+00	1.081497e+03	1.416425e+03	-1.734307e+02	0.000000e+00	0.000000e+00	0.000000e+00	3.614553e+03	6.283048e-01	2.480340e-01	1.513587e+02	0.000000e+00	1.180824939772e+03	0.000000000000e+00	1.180824939772e+03	6.152085e-02	1.609545e+01	1.367829172923e+00	9.351687328721e+02	0.000000e+00	0.000000e+00	0.000000e+00	0.000000e+00	1.037366e-13	1.481618e-14	5.331935837706e+00	4.397473337926e+02
287.70	1.278225e+03	0.000000e+00	1.092660e+03	1.416741e+03	-1.756811e+02	0.000000e+00	0.000000e+00	0.000000e+00	3.616377e+03	6.247394e-01	2.438353e-01	1.526245e+02	0.000000e+00	1.176115911313e+03	0.000000000000e+00	1.176115911313e+03	5.945566e-02	1.599546e+01	1.363183991459e+00	9.346114902173e+02	0.000000e+00	0.000000e+00	0.000000e+00	0.000000e+00	1.038708e-13	1.481620e-14	4.431848811727e+00	4.265568713169e+02
289.70	1.270219e+03	0.000000e+00	1.072520e+03	1.419473e+03	-1.825812e+02	0.000000e+00	0.000000e+00	0.000000e+00	3.583171e+03	6.229412e-01	2.417359e-01	1.557330e+02	0.000000e+00	1.171343138938e+03	0.000000000000e+00	1.171343138938e+03	5.843623e-02	1.589385e+01	1.359577836870e+00	9.340027247218e+02	0.000000e+00	0.000000e+00	0.000000e+00	0.000000e+00	1.035147e-13	1.481623e-14	3.540650879366e+00	4.170969634587e+02
291.69	1.268551e+03	0.000000e+00	9.888673e+02	1.413953e+03	-1.967339e+02	0.000000e+00	0.000000e+00	0.000000e+00	3.477438e+03	6.232004e-01	2.420378e-01	1.613265e+02	0.000000e+00	1.166528638341e+03	0.000000000000e+00	1.166528638341e+03	5.858228e-02	1.579141e+01	1.360902069301e+00	9.334241114219e+02	0.000000e+00	0.000000e+00	0.000000e+00	0.000000e+00	1.033952e-13	1.481624e-14	2.800250033353e+00	4.102220572307e+02
293.69	1.283494e+03	0.000000e+00	9.038446e+02	1.391068e+03	-2.005792e+02	0.000000e+00	0.000000e+00	0.000000e+00	3.380407e+03	9.341092e-01	8.150663e-01	1.702288e+02	0.000000e+00	1.161721161741e+03	0.000000000000e+00	1.161721161741e+03	6.643331e-01	1.568705e+01	0.000000000000e+00	9.329444180247e+02	0.000000e+00	0.000000e+00	0.000000e+00	0.000000e+00	1.034010e-13	1.481627e-14	2.580013274291e+00	4.050952962851e+02
295.69	1.289085e+03	0.000000e+00	8.705355e+02	1.378296e+03	-1.998299e+02	0.000000e+00	0.000000e+00	0.000000e+00	3.340988e+03	1.126436e+00	1.429287e+00	1.847413e+02	0.000000e+00	1.156983795802e+03	0.000000000000e+00	1.156983795802e+03	2.042861e+00	1.557908e+01	0.000000000000e+00	9.325972931794e+02	0.000000e+00	0.000000e+00	0.000000e+00	0.000000e+00	1.036133e-13	1.481628e-14	2.901043201185e+00	4.011200752294e+02
297.69	1.290383e+03	0.000000e+00	8.849324e+02	1.370307e+03	-1.979807e+02	0.000000e+00	0.000000e+00	0.000000e+00	3.350842e+03	1.279634e+00	2.095355e+00	1.940219e+02	0.000000e+00	1.152375407674e+03	0.000000000000e+00	1.152375407674e+03	4.390512e+00	1.546639e+01	0.000000000000e+00	9.323700449363e+02	0.000000e+00	0.000000e+00	0.000000e+00	0.000000e+00	1.035633e-13	1.481630e-14	3.199903411062e+00	3.978302624771e+02
299.69	1.289346e+03	0.000000e+00	9.522299e+02	1.364825e+03	-2.014820e+02	0.000000e+00	0.000000e+00	0.000000e+00	3.407995e+03	1.222677e+00	1.827826e+00	1.939908e+02	0.000000e+00	1.147934715960e+03	0.000000000000e+00	1.147934715960e+03	3.340946e+00	1.534912e+01	0.000000000000e+00	9.322164608021e+02	0.000000e+00	0.000000e+00	0.000000e+00	0.000000e+00	1.038832e-13	1.481630e-14	3.075199611549e+00	3.948960803157e+02
301.68	1.285275e+03	0.000000e+00	1.070901e+03	1.362357e+03	-2.076758e+02	0.000000e+00	0.000000e+00	0.000000e+00	3.513607e+03	9.498931e-01	8.570855e-01	1.869870e+02	0.000000e+00	1.143673979717e+03	0.000000000000e+00	1.143673979717e+03	7.345956e-01	1.522858e+01	0.000000000000e+00	9.320750576300e+02	0.000000e+00	0.000000e+00	0.000000e+00	0.000000e+00	1.039145e-13	1.481632e-14	2.749173856890e+00	3.934458060105e+02
303.68	1.274216e+03	0.000000e+00	1.217659e+03	1.366948e+03	-2.113347e+02	0.000000e+00	0.000000e+00	0.000000e+00	3.650134e+03	7.748497e-01	4.652137e-01	1.767316e+02	0.000000e+00	1.139584088590e+03	0.000000000000e+00	1.139584088590e+03	2.164238e-01	1.510673e+01	0.000000000000e+00	9.318814978201e+02	0.000000e+00	0.000000e+00	0.000000e+00	0.000000e+00	1.038537e-13	1.481633e-14	2.645261789139e+00	3.953599248084e+02
305.68	1.257537e+03	0.000000e+00	1.343904e+03	1.378325e+03	-2.066568e+02	0.000000e+00	0.000000e+00	0.000000e+00	3.776084e+03	6.407499e-01	2.630666e-01	1.676533e+02	0.000000e+00	1.135646176295e+03	0.000000000000e+00	1.135646176295e+03	6.920402e-02	1.498562e+01	1.381217468511e+00	9.315798886494e+02	0.000000e+00	0.000000e+00	0.000000e+00	0.000000e+00	1.039379e-13	1.481633e-14	2.975059571570e+00	3.988522820225e+02
307.68	1.245733e+03	0.000000e+00	1.391485e+03	1.386263e+03	-1.939085e+02	0.000000e+00	0.000000e+00	0.000000e+00	3.833142e+03	6.385501e-01	2.603664e-01	1.603275e+02	0.000000e+00	1.131842115467e+03	0.000000000000e+00	1.131842115467e+03	6.779064e-02	1.486690e+01	1.379272911713e+00	9.311409697117e+02	0.000000e+00	0.000000e+00	0.000000e+00	0.000000e+00	1.038823e-13	1.481633e-14	3.569292119971e+00	4.031959400143e+02
309.68	1.243308e+03	0.000000e+00	1.351553e+03	1.383339e+03	-1.816470e+02	0.000000e+00	0.000000e+00	0.000000e+00	3.800644e+03	6.344379e-01	2.553685e-01	1.542456e+02	0.000000e+00	1.128160239629e+03	0.000000000000e+00	1.128160239629e+03	6.521309e-02	1.475110e+01	1.375244342915e+00	9.305899652362e+02	0.000000e+00	0.000000e+00	0.000000e+00	0.000000e+00	1.037474e-13	1.481633e-14	4.090874313733e+00	4.093750050058e+02
311.67	1.245128e+03	0.000000e+00	1.265950e+03	1.375199e+03	-1.754587e+02	0.000000e+00	0.000000e+00	0.000000e+00	3.715229e+03	6.296386e-01	2.496169e-01	1.504421e+02	0.000000e+00	1.124597225364e+03	0.000000000000e+00	1.124597225364e+03	6.230859e-02	1.463734e+01	1.370028887234e+00	9.300264378150e+02	0.000000e+00	0.000000e+00	0.000000e+00	0.000000e+00	1.037236e-13	1.481634e-14	4.410055444354e+00	4.175633075932e+02
313.67	1.247782e+03	0.000000e+00	1.179287e+03	1.366343e+03	-1.737827e+02	0.000000e+00	0.000000e+00	0.000000e+00	3.624235e+03	6.501682e-01	2.748383e-01	1.490381e+02	0.000000e+00	1.121158085620e+03	0.000000000000e+00	1.121158085620e+03	7.553607e-02	1.452389e+01	0.000000000000e+00	9.296041876823e+02	0.000000e+00	0.000000e+00	0.000000e+00	0.000000e+00	1.038697e-13	1.481634e-14	4.606364182174e+00	4.353969223741e+02
315.67	1.247467e+03	0.000000e+00	1.115021e+03	1.361423e+03	-1.738447e+02	0.000000e+00	0.000000e+00	0.000000e+00	3.554823e+03	7.221853e-01	3.766569e-01	1.490178e+02	0.000000e+00	1.117854701234e+03	0.000000000000e+00	1.117854701234e+03	1.418704e-01	1.440927e+01	0.000000000000e+00	9.294790161112e+02	0.000000e+00	0.000000e+00	0.000000e+00	0.000000e+00	1.039507e-13	1.481634e-14	4.757194752017e+00	4.623079073421e+02
317.67	1.244376e+03	0.000000e+00	1.075175e+03	1.359901e+03	-1.748637e+02	0.000000e+00	0.000000e+00	0.000000e+00	3.509467e+03	7.158904e-01	3.668932e-01	1.487468e+02	0.000000e+00	1.114702347953e+03	0.000000000000e+00	1.114702347953e+03	1.346106e-01	1.429338e+01	0.000000000000e+00	9.297628536854e+02	0.000000e+00	0.000000e+00	0.000000e+00	0.000000e+00	1.039000e-13	1.481636e-14	4.878147123357e+00	4.941667964559e+02
319.66	1.239597e+03	0.000000e+00	1.054568e+03	1.360511e+03	-1.762853e+02	0.000000e+00	0.000000e+00	0.000000e+00	3.483391e+03	6.471854e-01	2.710729e-01	1.480894e+02	0.000000e+00	1.111714506715e+03	0.000000000000e+00	1.111714506715e+03	7.348054e-02	1.417791e+01	0.000000000000e+00	9.305066425004e+02	0.000000e+00	0.000000e+00	0.000000e+00	0.000000e+00	1.038139e-13	1.481636e-14	4.999726065150e+00	5.253963518211e+02
321.66	1.234608e+03	0.000000e+00	1.041745e+03	1.361727e+03	-1.768099e+02	0.000000e+00	0.000000e+00	0.000000e+00	3.466427e+03	6.262999e-01	2.456671e-01	1.474334e+02	0.000000e+00	1.108897817895e+03	0.000000000000e+00	1.108897817895e+03	6.035232e-02	1.406582e+01	1.363836744222e+00	9.317027409992e+02	0.000000e+00	0.000000e+00	0.000000e+00	0.000000e+00	1.038313e-13	1.481638e-14	5.156628169970e+00	5.539237145374e+02
323.66	1.232055e+03	0.000000e+00	1.024681e+03	1.360415e+03	-1.763811e+02	0.000000e+00	0.000000e+00	0.000000e+00	3.446117e+03	6.283171e-01	2.480485e-01	1.469063e+02	0.000000e+00	1.106249095810e+03	0.000000000000e+00	1.106249095810e+03	6.152807e-02	1.396016e+01	1.365812589931e+00	9.332893915307e+02	0.000000e+00	0.000000e+00	0.000000e+00	0.000000e+00	1.038988e-13	1.481640e-14	5.346279255714e+00	5.785136413701e+02
325.66	1.232193e+03	0.000000e+00	1.001204e+03	1.356154e+03	-1.764930e+02	0.000000e+00	0.000000e+00	0.000000e+00	3.418597e+03	6.309849e-01	2.512216e-01	1.468658e+02	0.000000e+00	1.103755279522e+03	0.000000000000e+00	1.103755279522e+03	6.311230e-02	1.386259e+01	1.369075709775e+00	9.351362800818e+02	0.000000e+00	0.000000e+00	0.000000e+00	0.000000e+00	1.039356e-13	1.481642e-14	5.538688695954e+00	5.989912823889e+02
327.66	1.233491e+03	0.000000e+00	9.770126e+02	1.350751e+03	-1.777028e+02	0.000000e+00	0.000000e+00	0.000000e+00	3.389259e+03	6.344088e-01	2.553334e-01	1.475221e+02	0.000000e+00	1.101396301989e+03	0.000000000000e+00	1.101396301989e+03	6.519512e-02	1.377255e+01	1.374032182274e+00	9.370354531601e+02	0.000000e+00	0.000000e+00	0.000000e+00	0.000000e+00	1.038121e-13	1.481643e-14	5.708354641851e+00	6.162049281276e+02
329.65	1.234584e+03	0.000000e+00	9.581976e+02	1.345809e+03	-1.796592e+02	0.000000e+00	0.000000e+00	0.000000e+00	3.364776e+03	6.456228e-01	2.691142e-01	1.487000e+02	0.000000e+00	1.099150030459e+03	0.000000000000e+00	1.099150030459e+03	7.242244e-02	1.368759e+01	0.000000000000e+00	9.387221027889e+02	0.000000e+00	0.000000e+00	0.000000e+00	0.000000e+00	1.037725e-13	1.481644e-14	5.843701145360e+00	6.306277503025e+02
331.65	1.234540e+03	0.000000e+00	9.481317e+02	1.342356e+03	-1.819287e+02	0.000000e+00	0.000000e+00	0.000000e+00	3.349040e+03	6.583089e-01	2.852917e-01	1.500338e+02	0.000000e+00	1.096997440508e+03	0.000000000000e+00	1.096997440508e+03	8.139136e-02	1.360453e+01	0.000000000000e+00	9.399242102628e+02	0.000000e+00	0.000000e+00	0.000000e+00	0.000000e+00	1.038737e-13	1.481645e-14	5.941173013919e+00	6.416607713892e+02
333.65	1.233093e+03	0.000000e+00	9.468014e+02	1.340654e+03	-1.841058e+02	0.000000e+00	0.000000e+00	0.000000e+00	3.342445e+03	6.589241e-01	2.860924e-01	1.511846e+02	0.000000e+00	1.094925998935e+03	0.000000000000e+00	1.094925998935e+03	8.184884e-02	1.352083e+01	0.000000000000e+00	9.404287701384e+02	0.000000e+00	0.000000e+00	0.000000e+00	0.000000e+00	1.038570e-13	1.481647e-14	6.002028712393e+00	6.487720123660e+02
335.65	1.230526e+03	0.000000e+00	9.517150e+02	1.340373e+03	-1.858620e+02	0.000000e+00	0.000000e+00	0.000000e+00	3.342784e+03	6.534246e-01	2.789886e-01	1.519707e+02	0.000000e+00	1.092929747961e+03	0.000000000000e+00	1.092929747961e+03	7.783466e-02	1.343557e+01	0.000000000000e+00	9.401362984471e+02	0.000000e+00	0.000000e+00	0.000000e+00	0.000000e+00	1.037237e-13	1.481649e-14	6.031273850164e+00	6.525970143951e+02
337.65	1.227432e+03	0.000000e+00	9.592676e+02	1.340838e+03	-1.869961e+02	0.000000e+00	0.000000e+00	0.000000e+00	3.346577e+03	6.484349e-01	2.726460e-01	1.523413e+02	0.000000e+00	1.091006413761e+03	0.000000000000e+00	1.091006413761e+03	7.433584e-02	1.334947e+01	0.000000000000e+00	9.390808519147e+02	0.000000e+00	0.000000e+00	0.000000e+00	0.000000e+00	1.036792e-13	1.481648e-14	6.035566222513e+00	6.543932866391e+02
339.64	1.224460e+03	0.000000e+00	9.662168e+02	1.341296e+03	-1.874501e+02	0.000000e+00	0.000000e+00	0.000000e+00	3.350545e+03	6.471326e-01	2.710066e-01	1.523077e+02	0.000000e+00	1.089154314076e+03	0.000000000000e+00	1.089154314076e+03	7.344455e-02	1.326433e+01	0.000000000000e+00	9.374087800454e+02	0.000000e+00	0.000000e+00	0.000000e+00	0.000000e+00	1.038207e-13	1.481649e-14	6.021771279409e+00	6.550813065918e+02
341.64	1.222082e+03	0.000000e+00	9.707674e+02	1.341190e+03	-1.872809e+02	0.000000e+00	0.000000e+00	0.000000e+00	3.352756e+03	6.491850e-01	2.735933e-01	1.519052e+02	0.000000e+00	1.087370997781e+03	0.000000000000e+00	1.087370997781e+03	7.485329e-02	1.318223e+01	0.000000000000e+00	9.353314808619e+02	0.000000e+00	0.000000e+00	0.000000e+00	0.000000e+00	1.038192e-13	1.481650e-14	5.996750995914e+00	6.551752944824e+02
343.64	1.220455e+03	0.000000e+00	9.727695e+02	1.340323e+03	-1.866226e+02	0.000000e+00	0.000000e+00	0.000000e+00	3.352892e+03	6.526208e-01	2.779602e-01	1.511916e+02	0.000000e+00	1.085652900191e+03	0.000000000000e+00	1.085652900191e+03	7.726189e-02	1.310461e+01	0.000000000000e+00	9.330840762871e+02	0.000000e+00	0.000000e+00	0.000000e+00	0.000000e+00	1.038018e-13	1.481652e-14	5.967419037348e+00	6.549972727396e+02
345.64	1.219424e+03	0.000000e+00	9.731319e+02	1.338852e+03	-1.856648e+02	0.000000e+00	0.000000e+00	0.000000e+00	3.351683e+03	6.552257e-01	2.813020e-01	1.502609e+02	0.000000e+00	1.083995830118e+03	0.000000000000e+00	1.083995830118e+03	7.913079e-02	1.303144e+01	0.000000000000e+00	9.309054386876e+02	0.000000e+00	0.000000e+00	0.000000e+00	0.000000e+00	1.038517e-13	1.481654e-14	5.940586846087e+00	6.547919880668e+02
347.64	1.218618e+03	0.000000e+00	9.730016e+02	1.337177e+03	-1.846293e+02	0.000000e+00	0.000000e+00	0.000000e+00	3.350090e+03	6.555558e-01	2.817273e-01	1.492536e+02	0.000000e+00	1.082396489282e+03	0.000000000000e+00	1.082396489282e+03	7.937027e-02	1.296107e+01	0.000000000000e+00	9.290334106423e+02	0.000000e+00	0.000000e+00	0.000000e+00	0.000000e+00	1.038580e-13	1.481656e-14	5.922642545720e+00	6.547468091693e+02
349.63	1.217613e+03	0.000000e+00	9.731620e+02	1.335760e+03	-1.837200e+02	0.000000e+00	0.000000e+00	0.000000e+00	3.348735e+03	6.535055e-01	2.790922e-01	1.483409e+02	0.000000e+00	1.080853787664e+03	0.000000000000e+00	1.080853787664e+03	7.789244e-02	1.289089e+01	0.000000000000e+00	9.276880787180e+02	0.000000e+00	0.000000e+00	0.000000e+00	0.000000e+00	1.039707e-13	1.481659e-14	5.919191652275e+00	6.549868139508e+02
351.63	1.216124e+03	0.000000e+00	9.738141e+02	1.334907e+03	-1.830649e+02	0.000000e+00	0.000000e+00	0.000000e+00	3.347715e+03	6.500253e-01	2.746571e-01	1.476753e+02	0.000000e+00	1.079368936050e+03	0.000000000000e+00	1.079368936050e+03	7.543651e-02	1.281859e+01	0.000000000000e+00	9.270345122290e+02	0.000000e+00	0.000000e+00	0.000000e+00	0.000000e+00	1.040779e-13	1.481662e-14	5.934699724977e+00	6.555861748118e+02
353.63	1.214146e+03	0.000000e+00	9.747103e+02	1.334605e+03	-1.826856e+02	0.000000e+00	0.000000e+00	0.000000e+00	3.346748e+03	6.463475e-01	2.700214e-01	1.473320e+02	0.000000e+00	1.077944808550e+03	0.000000000000e+00	1.077944808550e+03	7.291156e-02	1.274328e+01	0.000000000000e+00	9.271390776922e+02	0.000000e+00	0.000000e+00	0.000000e+00	0.000000e+00	1.042001e-13	1.481665e-14	5.972242082475e+00	6.565963366699e+02
355.63	1.211950e+03	0.000000e+00	9.754611e+02	1.334520e+03	-1.825040e+02	0.000000e+00	0.000000e+00	0.000000e+00	3.345461e+03	6.433488e-01	2.662806e-01	1.472761e+02	0.000000e+00	1.076585234195e+03	0.000000000000e+00	1.076585234195e+03	7.090537e-02	1.266587e+01	0.000000000000e+00	9.279473920690e+02	0.000000e+00	0.000000e+00	0.000000e+00	0.000000e+00	1.044846e-13	1.481667e-14	6.033553923220e+00	6.580490129945e+02
357.63	1.209958e+03	0.000000e+00	9.758196e+02	1.334146e+03	-1.823873e+02	0.000000e+00	0.000000e+00	0.000000e+00	3.343655e+03	6.412753e-01	2.637142e-01	1.473783e+02	0.000000e+00	1.075294345868e+03	0.000000000000e+00	1.075294345868e+03	6.954517e-02	1.258855e+01	0.000000000000e+00	9.293063124343e+02	0.000000e+00	0.000000e+00	0.000000e+00	0.000000e+00	1.045762e-13	1.481670e-14	6.119224768449e+00	6.599459312068e+02
359.62	1.208551e+03	0.000000e+00	9.758320e+02	1.333029e+03	-1.822126e+02	0.000000e+00	0.000000e+00	0.000000e+00	3.341428e+03	6.398392e-01	2.619465e-01	1.474752e+02	0.000000e+00	1.074075457761e+03	0.000000000000e+00	1.074075457761e+03	6.861597e-02	1.251389e+01	0.000000000000e+00	9.310134874682e+02	0.000000e+00	0.000000e+00	0.000000e+00	0.000000e+00	1.045138e-13	1.481672e-14	6.228669480178e+00	6.622442165039e+02
361.62	1.207850e+03	0.000000e+00	9.758214e+02	1.330953e+03	-1.819159e+02	0.000000e+00	0.000000e+00	0.000000e+00	3.339068e+03	6.385646e-01	2.603841e-01	1.474409e+02	0.000000e+00	1.072929468081e+03	0.000000000000e+00	1.072929468081e+03	6.779990e-02	1.244386e+01	0.000000000000e+00	9.328646527181e+02	0.000000e+00	0.000000e+00	0.000000e+00	0.000000e+00	1.045188e-13	1.481674e-14	6.359731927005e+00	6.648535965428e+02
363.62	1.207568e+03	0.000000e+00	9.762604e+02	1.328028e+03	-1.815078e+02	0.000000e+00	0.000000e+00	0.000000e+00	3.336856e+03	6.385108e-01	2.603183e-01	1.472344e+02	0.000000e+00	1.071853647799e+03	0.000000000000e+00	1.071853647799e+03	6.776561e-02	1.237914e+01	1.380169557909e+00	9.346827411510e+02	0.000000e+00	0.000000e+00	0.000000e+00	0.000000e+00	1.045910e-13	1.481672e-14	6.508023357788e+00	6.676451822824e+02
365.62	1.207152e+03	0.000000e+00	9.776467e+02	1.324711e+03	-1.810557e+02	0.000000e+00	0.000000e+00	0.000000e+00	3.335120e+03	6.391900e-01	2.611499e-01	1.469006e+02	0.000000e+00	1.070841703588e+03	0.000000000000e+00	1.070841703588e+03	6.819926e-02	1.231889e+01	1.381789426232e+00	9.363246676357e+02	0.000000e+00	0.000000e+00	0.000000e+00	0.000000e+00	1.044967e-13	1.481672e-14	6.666226943046e+00	6.704617666547e+02
367.61	1.206066e+03	0.000000e+00	9.803590e+02	1.321681e+03	-1.806541e+02	0.000000e+00	0.000000e+00	0.000000e+00	3.334276e+03	6.389441e-01	2.608487e-01	1.465334e+02	0.000000e+00	1.069884999684e+03	0.000000000000e+00	1.069884999684e+03	6.804205e-02	1.226127e+01	1.381789916782e+00	9.376709897253e+02	0.000000e+00	0.000000e+00	0.000000e+00	0.000000e+00	1.044781e-13	1.481678e-14	6.823759108925e+00	6.731321427751e+02
369.61	1.203901e+03	0.000000e+00	9.844167e+02	1.319526e+03	-1.803941e+02	0.000000e+00	0.000000e+00	0.000000e+00	3.334416e+03	6.381292e-01	2.598518e-01	1.462273e+02	0.000000e+00	1.068973801577e+03	0.000000000000e+00	1.068973801577e+03	6.752297e-02	1.220430e+01	1.380592503854e+00	9.386115160816e+02	0.000000e+00	0.000000e+00	0.000000e+00	0.000000e+00	1.044497e-13	1.481675e-14	6.967275985772e+00	6.754884995269e+02
371.61	1.200452e+03	0.000000e+00	9.893295e+02	1.318451e+03	-1.803361e+02	0.000000e+00	0.000000e+00	0.000000e+00	3.334979e+03	6.366918e-01	2.580998e-01	1.460425e+02	0.000000e+00	1.068097584161e+03	0.000000000000e+00	1.068097584161e+03	6.661552e-02	1.214672e+01	1.378294386558e+00	9.390478001710e+02	0.000000e+00	0.000000e+00	0.000000e+00	0.000000e+00	1.046600e-13	1.481677e-14	7.082350228882e+00	6.773850072509e+02
373.61	1.195903e+03	0.000000e+00	9.941815e+02	1.318201e+03	-1.804844e+02	0.000000e+00	0.000000e+00	0.000000e+00	3.334958e+03	6.344745e-01	2.554127e-01	1.459887e+02	0.000000e+00	1.067244859449e+03	0.000000000000e+00	1.067244859449e+03	6.523565e-02	1.208840e+01	1.374852854895e+00	9.389182069789e+02	0.000000e+00	0.000000e+00	0.000000e+00	0.000000e+00	1.046580e-13	1.481679e-14	7.156181945016e+00	6.787150530650e+02
375.61	1.190816e+03	0.000000e+00	9.978469e+02	1.318142e+03	-1.807718e+02	0.000000e+00	0.000000e+00	0.000000e+00	3.333214e+03	6.342206e-01	2.551063e-01	1.460277e+02	0.000000e+00	1.066403568524e+03	0.000000000000e+00	1.066403568524e+03	6.507921e-02	1.203029e+01	0.000000000000e+00	9.382275062057e+02	0.000000e+00	0.000000e+00	0.000000e+00	0.000000e+00	1.048543e-13	1.481677e-14	7.180564568919e+00	6.794188219955e+02
377.60	1.185911e+03	0.000000e+00	9.993234e+02	1.317485e+03	-1.810742e+02	0.000000e+00	0.000000e+00	0.000000e+00	3.328799e+03	6.352981e-01	2.564087e-01	1.460929e+02	0.000000e+00	1.065562553843e+03	0.000000000000e+00	1.065562553843e+03	6.574542e-02	1.197384e+01	0.000000000000e+00	9.370567127621e+02	0.000000e+00	0.000000e+00	0.000000e+00	0.000000e+00	1.050160e-13	1.481681e-14	7.154024982952e+00	6.794818376483e+02
379.60	1.181822e+03	0.000000e+00	9.981535e+02	1.315616e+03	-1.812631e+02	0.000000e+00	0.000000e+00	0.000000e+00	3.321410e+03	6.365982e-01	2.579861e-01	1.461206e+02	0.000000e+00	1.064713824377e+03	0.000000000000e+00	1.064713824377e+03	6.655681e-02	1.192020e+01	0.000000000000e+00	9.355423113017e+02	0.000000e+00	0.000000e+00	0.000000e+00	0.000000e+00	1.050180e-13	1.481683e-14	7.082371579513e+00	6.789317638331e+02
381.60	1.178828e+03	0.000000e+00	9.947010e+02	1.312348e+03	-1.812705e+02	0.000000e+00	0.000000e+00	0.000000e+00	3.311584e+03	6.381274e-01	2.598497e-01	1.460824e+02	0.000000e+00	1.063854670941e+03	0.000000000000e+00	1.063854670941e+03	6.752188e-02	1.186946e+01	0.000000000000e+00	9.338430248376e+02	0.000000e+00	0.000000e+00	0.000000e+00	0.000000e+00	1.050214e-13	1.481683e-14	6.977535213259e+00	6.778357722781e+02
383.60	1.176668e+03	0.000000e+00	9.900939e+02	1.307974e+03	-1.811270e+02	0.000000e+00	0.000000e+00	0.000000e+00	3.300465e+03	6.398499e-01	2.619596e-01	1.459968e+02	0.000000e+00	1.062988360031e+03	0.000000000000e+00	1.062988360031e+03	6.862285e-02	1.182032e+01	0.000000000000e+00	9.321184294467e+02	0.000000e+00	0.000000e+00	0.000000e+00	0.000000e+00	1.048353e-13	1.481687e-14	6.855214401586e+00	6.763012859300e+02
385.60	1.174596e+03	0.000000e+00	9.858399e+02	1.303119e+03	-1.809522e+02	0.000000e+00	0.000000e+00	0.000000e+00	3.289334e+03	6.416327e-01	2.641554e-01	1.459183e+02	0.000000e+00	1.062122798411e+03	0.000000000000e+00	1.062122798411e+03	6.977809e-02	1.177045e+01	0.000000000000e+00	9.305255066830e+02	0.000000e+00	0.000000e+00	0.000000e+00	0.000000e+00	1.048449e-13	1.481688e-14	6.732160454325e+00	6.744752526941e+02
387.59	1.171703e+03	0.000000e+00	9.832995e+02	1.298478e+03	-1.809022e+02	0.000000e+00	0.000000e+00	0.000000e+00	3.279202e+03	6.432662e-01	2.661781e-01	1.459122e+02	0.000000e+00	1.061267758805e+03	0.000000000000e+00	1.061267758805e+03	7.085076e-02	1.171742e+01	0.000000000000e+00	9.292179631379e+02	0.000000e+00	0.000000e+00	0.000000e+00	0.000000e+00	1.049878e-13	1.481687e-14	6.623817228238e+00	6.725416513783e+02
389.59	1.167341e+03	0.000000e+00	9.832306e+02	1.294536e+03	-1.810998e+02	0.000000e+00	0.000000e+00	0.000000e+00	3.270550e+03	6.445545e-01	2.677806e-01	1.460287e+02	0.000000e+00	1.060431993843e+03	0.000000000000e+00	1.060431993843e+03	7.170642e-02	1.165980e+01	0.000000000000e+00	9.283356450134e+02	0.000000e+00	0.000000e+00	0.000000e+00	0.000000e+00	1.050564e-13	1.481689e-14	6.542674287973e+00	6.707136033441e+02
391.59	1.161358e+03	0.000000e+00	9.855616e+02	1.291368e+03	-1.815826e+02	0.000000e+00	0.000000e+00	0.000000e+00	3.263203e+03	6.454110e-01	2.688495e-01	1.462842e+02	0.000000e+00	1.059621307053e+03	0.000000000000e+00	1.059621307053e+03	7.228003e-02	1.159775e+01	0.000000000000e+00	9.279874941259e+02	0.000000e+00	0.000000e+00	0.000000e+00	0.000000e+00	1.048974e-13	1.481688e-14	6.497360523769e+00	6.692132195900e+02
393.59	1.154108e+03	0.000000e+00	9.894729e+02	1.288610e+03	-1.822866e+02	0.000000e+00	0.000000e+00	0.000000e+00	3.256397e+03	6.458781e-01	2.694336e-01	1.466521e+02	0.000000e+00	1.058838006757e+03	0.000000000000e+00	1.058838006757e+03	7.259445e-02	1.153290e+01	0.000000000000e+00	9.282355090112e+02	0.000000e+00	0.000000e+00	0.000000e+00	0.000000e+00	1.049900e-13	1.481690e-14	6.492273712170e+00	6.682441091130e+02
395.59	1.146267e+03	0.000000e+00	9.937617e+02	1.285606e+03	-1.830714e+02	0.000000e+00	0.000000e+00	0.000000e+00	3.249091e+03	6.460981e-01	2.697090e-01	1.470677e+02	0.000000e+00	1.058081766042e+03	0.000000000000e+00	1.058081766042e+03	7.274294e-02	1.146762e+01	0.000000000000e+00	9.290814965916e+02	0.000000e+00	0.000000e+00	0.000000e+00	0.000000e+00	1.049418e-13	1.481693e-14	6.527529007128e+00	6.679613124145e+02
397.58	1.138579e+03	0.000000e+00	9.973457e+02	1.281688e+03	-1.837808e+02	0.000000e+00	0.000000e+00	0.000000e+00	3.240431e+03	6.462111e-01	2.698505e-01	1.474533e+02	0.000000e+00	1.057351564007e+03	0.000000000000e+00	1.057351564007e+03	7.281928e-02	1.140401e+01	0.000000000000e+00	9.304566172914e+02	0.000000e+00	0.000000e+00	0.000000e+00	0.000000e+00	1.049696e-13	1.481693e-14	6.599102818048e+00	6.684396058097e+02
399.58	1.131598e+03	0.000000e+00	9.996958e+02	1.276454e+03	-1.843072e+02	0.000000e+00	0.000000e+00	0.000000e+00	3.230140e+03	6.462859e-01	2.699442e-01	1.477543e+02	0.000000e+00	1.056647895799e+03	0.000000000000e+00	1.056647895799e+03	7.286986e-02	1.134327e+01	0.000000000000e+00	9.322213079351e+02	0.000000e+00	0.000000e+00	0.000000e+00	0.000000e+00	1.051348e-13	1.481693e-14	6.699247454946e+00	6.696564047592e+02
