name	role	nv	x50	t_x50	LawA	t_death	t_end	ratio_td_LawA	c_eff	c0_ref	m0	M200	gmin_seed	gmean_seed	par	gpar	late_dmdt	hard_n_end	drift	led_err	verdict	note
w4_p19_c8_harden	P19-lite c8 harden T=4000	12	0.405127	50.0	2037.03	1102	4000	0.540982	0.000779099	0.000425	6.5875	11.315	1.0000	1.0000	1	0.4840	-6.166e-05	9277	1.865e-15	0	MID	1102 vs W2 c8_k1 1269 — no gain from τ
w4_p19_cube_harden	P19-lite cube harden T=4000	8	0.389222	50.0	1951.90	1017	4000	0.521031	0.000805119	0.000425	6.9602	7.26007	0.4008	0.8655	4	0.0001	-2.78e-05	8245	1.866e-16	0	MID	same death as W2 harden 1017 — no mass pin benefit visible
w4_p19_ring8_harden	P19-lite ring8 harden T=4000	8	0.544895	50.0	2793.93	14	4000	0.00501086	0.0862848	0.000425	11.1683	10.4004	0.0000	0.2697	7	0.0717	-0.0002659	8623	0.000e+00	0	EARLY	dies 14 before harden; null
w4_p20_ring10_m4	P20 ring10 m4 harden	10	0.578844	50.0	2979.87	908	3000	0.304711	0.00142385	0.000425	13.1598	14.0956	0.0001	0.5113	1	0.0430	-0.0009468	7542	3.730e-16	0	EARLY	908 ~ frozen 846
w4_p20_ring12_m5	P20 ring12 m5 harden	12	0.47403	50.0	2408.33	26	3000	0.0107959	0.0396471	0.000425	13.4099	13.7329	0.0006	0.5901	2	0.0237	-0.001465	8002	-5.595e-16	0	EARLY	CATASTROPHIC: frozen 1940 → harden 26
w4_p20_ring12_m6	P20 ring12 m6 harden	12	0.403173	50.0	2026.57	1401	3000	0.691317	0.000609339	0.000425	3.1179	11.062	0.1999	0.8208	1	0.0258	-9.728e-05	8463	0.000e+00	0	ON_BAND	1401 ~ frozen 1402
w4_p20_ring8_m3	P20 ring8 m3 harden	8	0.544895	50.0	2793.93	14	3000	0.00501086	0.0862848	0.000425	11.1683	10.4004	0.0000	0.2697	7	0.0717	-0.0006351	7590	1.865e-16	0	EARLY	14 same kill
w4_p20_ring9_m3	P20 ring9 m3 harden	9	0.5798	50.0	2985.12	571	3000	0.191282	0.00226839	0.000425	13.7289	12.0943	0.0000	0.6671	2	0.8858	-0.00124	7878	1.119e-15	0	EARLY	571 < frozen 761
w4_tube_harden	tube harden T=4000	12	0.431477	50.0	2178.57	1437	4000	0.659608	0.000643314	0.000425	13.1997	12.2995	0.0552	0.8618	13	0.4772	-0.0002802	8931	0.000e+00	0	MID	1437 < W2 tube_k1 1613; not exception
