t	E_phi_kin	E_theta_kin	E_grad	E_mass	E_pot	E_tgrad	E_tmass	E_coupling	E_total	phi_max	P_max	P_int	theta_rms	Q_phi	Q_theta	Q_total	s_max	r_core	omega_core	Q_core	thp1u	thp1v	thp2u	thp2v
0.00	4.793147e+02	0.000000e+00	6.799991e+01	5.413978e+02	-8.545401e+01	0.000000e+00	0.000000e+00	0.000000e+00	1.003258e+03	5.988166e-01	2.147245e-01	6.927068e+01	0.000000e+00	6.792151068996e+02	0.000000000000e+00	6.792151068996e+02	4.610659e-02	4.999774e+00	1.411378123503e+00	6.645210061314e+02	0.000000e+00	0.000000e+00	0.000000e+00	0.000000e+00
1.00	4.784362e+02	8.406638e-01	6.804418e+01	5.416066e+02	-8.552361e+01	1.646982e-01	9.599112e-01	-1.297756e+00	1.003231e+03	5.990254e-01	2.148668e-01	6.932023e+01	2.101328e-03	6.787217969836e+02	4.779720029439e-01	6.791997689865e+02	4.616774e-02	4.999202e+00	1.409554748543e+00	6.644935197827e+02	6.246534e-03	3.791616e-03	9.167249e-05	4.716660e-05
2.00	4.765335e+02	2.679419e+00	6.768877e+01	5.395165e+02	-8.491757e+01	3.740234e-01	2.361803e+00	-1.019128e+00	1.003217e+03	5.982988e-01	2.135910e-01	6.885639e+01	3.296099e-03	6.760586551099e+02	3.130153051184e+00	6.791888081611e+02	4.562110e-02	5.001224e+00	1.406665274472e+00	6.643229650180e+02	1.196655e-03	1.256123e-02	5.581354e-05	1.584861e-04
3.00	4.739186e+02	4.974690e+00	6.744897e+01	5.372813e+02	-8.441775e+01	9.763080e-01	6.121338e+00	-3.110000e+00	1.003193e+03	5.970666e-01	2.121957e-01	6.845667e+01	5.306419e-03	6.728037175912e+02	6.376370191462e+00	6.791800877827e+02	4.502700e-02	5.001891e+00	1.403850043709e+00	6.640789297282e+02	-2.015415e-02	-2.109053e-03	-1.784331e-04	8.133570e-05
4.00	4.697258e+02	9.372662e+00	6.703198e+01	5.344755e+02	-8.365279e+01	1.256468e+00	8.482743e+00	-3.507450e+00	1.003185e+03	5.963772e-01	2.105670e-01	6.787139e+01	6.246641e-03	6.680575497983e+02	1.111460172043e+01	6.791721515187e+02	4.433847e-02	5.004443e+00	1.399843829637e+00	6.636616638113e+02	-2.922098e-03	-2.521607e-02	-1.868448e-04	-2.081124e-04
5.00	4.673153e+02	1.154194e+01	6.663087e+01	5.299693e+02	-8.271294e+01	2.096964e+00	1.418844e+01	-5.859391e+00	1.003170e+03	5.978505e-01	2.118788e-01	6.720321e+01	8.078779e-03	6.635263815199e+02	1.563811538825e+01	6.791644969081e+02	4.489261e-02	5.003030e+00	1.393445102629e+00	6.631855827083e+02	3.303275e-02	3.399575e-04	1.782258e-04	-2.411250e-04
6.00	4.621468e+02	1.726134e+01	6.640368e+01	5.277399e+02	-8.218216e+01	2.216278e+00	1.596506e+01	-6.386163e+00	1.003165e+03	6.002013e-01	2.124588e-01	6.683429e+01	8.569661e-03	6.584462813290e+02	2.071047419788e+01	6.791567555268e+02	4.513874e-02	5.002996e+00	1.406974065535e+00	6.625982410054e+02	3.965207e-03	3.517363e-02	3.341410e-04	1.770142e-04
7.00	4.616646e+02	1.805962e+01	6.612459e+01	5.218959e+02	-8.121968e+01	3.023475e+00	2.202653e+01	-8.439344e+00	1.003136e+03	6.036058e-01	2.158419e-01	6.614511e+01	1.006587e-02	6.544478020030e+02	2.470101242887e+01	6.791488144319e+02	4.658774e-02	4.997008e+00	1.400642208848e+00	6.620442286278e+02	-4.188682e-02	1.982863e-03	-1.037670e-04	3.920706e-04
8.00	4.566402e+02	2.346435e+01	6.636371e+01	5.216675e+02	-8.138654e+01	2.858898e+00	2.209175e+01	-8.586259e+00	1.003114e+03	6.072205e-01	2.172054e-01	6.624691e+01	1.008076e-02	6.507261314689e+02	2.841445055345e+01	6.791405820223e+02	4.717816e-02	4.992105e+00	1.412259956498e+00	6.614527729760e+02	-5.702174e-03	-4.160792e-02	-4.649734e-04	-7.386863e-05
9.00	4.584642e+02	2.224829e+01	6.637641e+01	5.162618e+02	-8.078176e+01	3.406017e+00	2.703391e+01	-9.935198e+00	1.003074e+03	6.103769e-01	2.197527e-01	6.572940e+01	1.115149e-02	6.486333382422e+02	3.049876057405e+01	6.791320988162e+02	4.829124e-02	4.981740e+00	1.408148398866e+00	6.610057810454e+02	4.703046e-02	-4.672207e-03	-3.037121e-05	-5.111891e-04
10.00	4.543224e+02	2.617203e+01	6.696058e+01	5.186980e+02	-8.156130e+01	2.966238e+00	2.498573e+01	-9.482205e+00	1.003062e+03	6.133540e-01	2.209620e-01	6.627539e+01	1.072073e-02	6.472135936106e+02	3.190983337189e+01	6.791234269825e+02	4.882421e-02	4.972270e+00	1.416218029183e+00	6.606426926218e+02	7.152106e-03	4.409530e-02	5.526142e-04	-8.148054e-05
11.00	4.580855e+02	2.302193e+01	6.707392e+01	5.148981e+02	-8.122768e+01	3.215277e+00	2.804260e+01	-1.007128e+01	1.003038e+03	6.140274e-01	2.215180e-01	6.593291e+01	1.135763e-02	6.474906215401e+02	3.162370950208e+01	6.791143310422e+02	4.907022e-02	4.960732e+00	1.410087395443e+00	6.605412091156e+02	-4.733100e-02	7.432977e-03	1.839752e-04	5.582633e-04
12.00	4.553815e+02	2.507461e+01	6.780156e+01	5.193982e+02	-8.235439e+01	2.612951e+00	2.417962e+01	-9.068032e+00	1.003026e+03	6.152323e-01	2.214969e-01	6.673414e+01	1.054637e-02	6.483946952630e+02	3.070860726311e+01	6.791033025261e+02	4.906089e-02	4.948936e+00	1.413594731228e+00	6.605405991525e+02	-9.034810e-03	-4.229144e-02	-4.858073e-04	2.844459e-04
13.00	4.601647e+02	2.059717e+01	6.791477e+01	5.176591e+02	-8.225349e+01	2.637042e+00	2.533973e+01	-9.060154e+00	1.002999e+03	6.133751e-01	2.202351e-01	6.656652e+01	1.079641e-02	6.506823631912e+02	2.840509411193e+01	6.790874573031e+02	4.850351e-02	4.940581e+00	1.407947740208e+00	6.607354979616e+02	4.334829e-02	-1.068780e-02	-4.500799e-04	-4.408525e-04
14.00	4.592054e+02	2.106575e+01	6.854822e+01	5.228120e+02	-8.335840e+01	2.002580e+00	2.040767e+01	-7.713761e+00	1.002969e+03	6.145771e-01	2.205992e-01	6.739411e+01	9.688914e-03	6.532374428583e+02	2.582595322044e+01	6.790633960787e+02	4.866403e-02	4.929256e+00	1.408314347164e+00	6.609744061177e+02	1.166288e-02	3.734896e-02	1.753734e-04	-7.254472e-04
15.00	4.638865e+02	1.611923e+01	6.858993e+01	5.229493e+02	-8.340353e+01	1.926805e+00	2.023580e+01	-7.387484e+00	1.002917e+03	6.119148e-01	2.193198e-01	6.739593e+01	9.648029e-03	6.566329053203e+02	2.239592609219e+01	6.790288314125e+02	4.810117e-02	4.927063e+00	1.408232982639e+00	6.613373002337e+02	-3.695024e-02	1.364520e-02	1.259548e-03	3.539506e-04
16.00	4.645680e+02	1.571240e+01	6.899590e+01	5.272182e+02	-8.420353e+01	1.377224e+00	1.517538e+01	-5.991264e+00	1.002852e+03	6.129349e-01	2.199299e-01	6.803549e+01	8.355033e-03	6.597965809457e+02	1.918617858587e+01	6.789827595315e+02	4.836916e-02	4.918040e+00	1.408890440196e+00	6.616616570853e+02	-1.334556e-02	-3.018586e-02	-3.096807e-04	1.428871e-03
17.00	4.680335e+02	1.117701e+01	6.900506e+01	5.287478e+02	-8.438898e+01	1.324600e+00	1.451286e+01	-5.654963e+00	1.002757e+03	6.105850e-01	2.192497e-01	6.818881e+01	8.170618e-03	6.632088037929e+02	1.571597438677e+01	6.789247781797e+02	4.807041e-02	4.922772e+00	1.408163284676e+00	6.619850019818e+02	2.844175e-02	-1.514262e-02	-2.091180e-03	-6.493080e-04
18.00	4.697077e+02	1.069723e+01	6.917322e+01	5.311909e+02	-8.478021e+01	9.424278e-01	1.020478e+01	-4.494150e+00	1.002642e+03	6.110497e-01	2.191636e-01	6.850989e+01	6.851415e-03	6.659299616945e+02	1.292394951707e+01	6.788539112116e+02	4.803269e-02	4.916900e+00	1.409591493366e+00	6.621804309216e+02	1.331005e-02	2.120652e-02	8.931594e-04	-1.963940e-03
19.00	4.712738e+02	7.253083e+00	6.916616e+01	5.334065e+02	-8.504442e+01	9.961707e-01	9.834902e+00	-4.392018e+00	1.002494e+03	6.096987e-01	2.193578e-01	6.874892e+01	6.726101e-03	6.684290161626e+02	1.034020986770e+01	6.787692260303e+02	4.811783e-02	4.927019e+00	1.408473530363e+00	6.623183465971e+02	-1.838799e-02	1.465191e-02	2.600272e-03	1.173128e-03
20.00	4.731034e+02	7.303437e+00	6.909985e+01	5.337943e+02	-8.499521e+01	8.091008e-01	6.861513e+00	-3.650623e+00	1.002326e+03	6.097465e-01	2.190660e-01	6.872796e+01	5.618085e-03	6.699710421566e+02	8.699722860213e+00	6.786707650168e+02	4.798993e-02	4.923826e+00	1.407318131444e+00	6.623717388492e+02	-1.102724e-02	-1.112229e-02	-1.763756e-03	2.217069e-03
21.00	4.728859e+02	5.262947e+00	6.907115e+01	5.357794e+02	-8.522539e+01	9.840171e-01	7.249103e+00	-3.881415e+00	1.002126e+03	6.093391e-01	2.199986e-01	6.894694e+01	5.774581e-03	6.710624980238e+02	7.497795561244e+00	6.785602935851e+02	4.839937e-02	4.935687e+00	1.410112320420e+00	6.623783758293e+02	7.190132e-03	-1.172457e-02	-2.592467e-03	-1.901954e-03
22.00	4.740946e+02	6.078563e+00	6.887262e+01	5.346161e+02	-8.488642e+01	9.547188e-01	5.772672e+00	-3.586669e+00	1.001916e+03	6.091070e-01	2.193313e-01	6.869156e+01	5.153079e-03	6.711916082167e+02	7.248522554159e+00	6.784401307709e+02	4.810621e-02	4.933958e+00	1.407097837827e+00	6.622723238034e+02	6.599999e-03	1.348218e-04	2.763592e-03	-1.912994e-03
23.00	4.727916e+02	5.363634e+00	6.882467e+01	5.356065e+02	-8.499022e+01	1.204974e+00	6.978676e+00	-4.097990e+00	1.001682e+03	6.097267e-01	2.202855e-01	6.879885e+01	5.665848e-03	6.708899083293e+02	7.422142511598e+00	6.783120508409e+02	4.852570e-02	4.943586e+00	1.408310032546e+00	6.620936267453e+02	4.936114e-03	7.160374e-03	1.751336e-03	2.473286e-03
24.00	4.728390e+02	6.827293e+00	6.863008e+01	5.338586e+02	-8.459768e+01	1.257435e+00	6.780616e+00	-4.150449e+00	1.001445e+03	6.095506e-01	2.196884e-01	6.848680e+01	5.584868e-03	6.698304917779e+02	8.346228258710e+00	6.781767200366e+02	4.826301e-02	4.942288e+00	1.407207378287e+00	6.618080803480e+02	-1.607727e-03	1.074222e-02	-3.171364e-03	1.134417e-03
25.00	4.713869e+02	7.075760e+00	6.854855e+01	5.334169e+02	-8.450831e+01	1.517754e+00	8.549545e+00	-4.803233e+00	1.001184e+03	6.100264e-01	2.203908e-01	6.842396e+01	6.271189e-03	6.685223354817e+02	9.511554495476e+00	6.780338899772e+02	4.857208e-02	4.946700e+00	1.407711782531e+00	6.614841625243e+02	-1.606156e-02	-1.926903e-03	-6.832019e-04	-2.585386e-03
26.00	4.700954e+02	8.859968e+00	6.845758e+01	5.320581e+02	-8.426277e+01	1.573525e+00	9.185447e+00	-5.047996e+00	1.000919e+03	6.102263e-01	2.199832e-01	6.821867e+01	6.500227e-03	6.667633101779e+02	1.111937040134e+01	6.778826805792e+02	4.839260e-02	4.945336e+00	1.407105937248e+00	6.611025856342e+02	-3.478126e-03	-1.992213e-02	3.058343e-03	-3.021656e-04
27.00	4.692915e+02	9.607130e+00	6.831863e+01	5.301578e+02	-8.395633e+01	1.795663e+00	1.110634e+01	-5.691961e+00	1.000629e+03	6.103081e-01	2.204118e-01	6.797497e+01	7.147659e-03	6.649917683216e+02	1.273016897733e+01	6.777219372989e+02	4.858138e-02	4.943164e+00	1.407989329537e+00	6.607217552825e+02	2.462995e-02	-3.639537e-03	-2.487247e-04	2.444286e-03
28.00	4.668782e+02	1.131354e+01	6.837477e+01	5.298003e+02	-8.396117e+01	1.803727e+00	1.210086e+01	-5.979622e+00	1.000331e+03	6.110827e-01	2.204779e-01	6.796738e+01	7.460818e-03	6.630769490967e+02	1.447323245326e+01	6.775501815499e+02	4.861050e-02	4.941762e+00	1.407702307760e+00	6.603242326726e+02	8.612767e-03	2.631637e-02	-2.791938e-03	-5.518658e-04
29.00	4.670927e+02	1.217073e+01	6.818430e+01	5.268484e+02	-8.349243e+01	1.958892e+00	1.374002e+01	-6.500360e+00	1.000002e+03	6.107098e-01	2.205557e-01	6.758996e+01	7.950091e-03	6.613554541370e+02	1.600994109738e+01	6.773653952344e+02	4.864483e-02	4.933546e+00	1.408874917100e+00	6.599424674704e+02	-2.984304e-02	9.303317e-03	1.221299e-03	-2.059647e-03
30.00	4.641071e+02	1.341594e+01	6.838054e+01	5.275829e+02	-8.375241e+01	1.909355e+00	1.473468e+01	-6.723030e+00	9.996551e+02	6.118314e-01	2.209885e-01	6.778035e+01	8.232821e-03	6.597316378842e+02	1.743351648301e+01	6.771651543672e+02	4.883592e-02	4.932296e+00	1.408676062548e+00	6.595594682435e+02	-1.362532e-02	-2.937366e-02	2.165661e-03	1.292523e-03
31.00	4.651861e+02	1.415983e+01	6.817769e+01	5.243338e+02	-8.324080e+01	1.981207e+00	1.573487e+01	-7.059578e+00	9.992731e+02	6.110080e-01	2.207274e-01	6.736338e+01	8.507656e-03	6.584285370942e+02	1.851908805964e+01	6.769476251538e+02	4.872057e-02	4.920539e+00	1.409651146300e+00	6.591863430031e+02	3.138611e-02	-1.476194e-02	-1.791937e-03	1.503736e-03
32.00	4.623864e+02	1.466467e+01	6.844278e+01	5.257533e+02	-8.364846e+01	1.893540e+00	1.653434e+01	-7.163909e+00	9.988627e+02	6.122136e-01	2.213833e-01	6.766868e+01	8.721111e-03	6.573694067556e+02	1.934318071138e+01	6.767125874670e+02	4.901054e-02	4.919413e+00	1.409677991896e+00	6.588262627826e+02	1.830252e-02	2.902045e-02	-1.695782e-03	-1.710843e-03
33.00	4.638126e+02	1.521623e+01	6.826844e+01	5.230695e+02	-8.321994e+01	1.884156e+00	1.670162e+01	-7.304737e+00	9.984279e+02	6.111865e-01	2.210044e-01	6.731960e+01	8.765117e-03	6.566696857957e+02	1.979202940232e+01	6.764617151980e+02	4.884293e-02	4.907932e+00	1.410392689262e+00	6.584705097780e+02	-2.950754e-02	1.963824e-02	2.222446e-03	-1.194580e-03
34.00	4.619478e+02	1.488980e+01	6.850206e+01	5.244944e+02	-8.360700e+01	1.786175e+00	1.723682e+01	-7.285371e+00	9.979647e+02	6.121742e-01	2.217368e-01	6.761350e+01	8.904447e-03	6.562688305492e+02	1.992969835677e+01	6.761985289059e+02	4.916722e-02	4.906799e+00	1.409989891184e+00	6.581379759182e+02	-2.222306e-02	-2.564480e-02	1.521851e-03	2.204208e-03
35.00	4.630996e+02	1.524218e+01	6.838656e+01	5.230925e+02	-8.336351e+01	1.716198e+00	1.658386e+01	-7.255003e+00	9.975023e+02	6.111321e-01	2.216389e-01	6.742022e+01	8.734161e-03	6.561898212443e+02	1.973812941006e+01	6.759279506544e+02	4.912379e-02	4.899478e+00	1.409818201141e+00	6.577957641292e+02	2.481385e-02	-2.337357e-02	-2.977766e-03	9.081652e-04
36.00	4.626549e+02	1.420052e+01	6.850575e+01	5.238941e+02	-8.357790e+01	1.629785e+00	1.685340e+01	-7.140118e+00	9.970205e+02	6.115358e-01	2.222709e-01	6.758678e+01	8.804855e-03	6.563909832184e+02	1.926438273350e+01	6.756553659519e+02	4.940436e-02	4.898470e+00	1.411120835171e+00	6.574762016571e+02	2.476014e-02	1.982075e-02	-1.066364e-03	-2.782681e-03
37.00	4.630531e+02	1.436349e+01	6.845502e+01	5.241380e+02	-8.356517e+01	1.530401e+00	1.557575e+01	-6.983991e+00	9.965666e+02	6.105445e-01	2.222957e-01	6.758933e+01	8.464531e-03	6.568231047355e+02	1.856346741877e+01	6.753865721543e+02	4.941538e-02	4.897983e+00	1.410450161453e+00	6.571409126403e+02	-1.791602e-02	2.544986e-02	3.672103e-03	-4.277447e-04
38.00	4.640898e+02	1.287505e+01	6.842305e+01	5.239938e+02	-8.352938e+01	1.465801e+00	1.560713e+01	-6.818699e+00	9.961066e+02	6.110471e-01	2.226422e-01	6.756680e+01	8.473052e-03	6.574687024885e+02	1.765760651677e+01	6.751263090053e+02	4.956956e-02	4.897560e+00	1.411890762966e+00	6.568363123188e+02	-2.553569e-02	-1.226767e-02	3.179874e-04	3.205207e-03
39.00	4.635756e+02	1.285802e+01	6.841462e+01	5.257771e+02	-8.371945e+01	1.368616e+00	1.400504e+01	-6.588047e+00	9.956915e+02	6.109840e-01	2.229848e-01	6.774291e+01	8.026395e-03	6.582284985149e+02	1.665020037831e+01	6.748786988932e+02	4.972221e-02	4.904585e+00	1.409663043941e+00	6.565313228655e+02	9.683158e-03	-2.555026e-02	-4.032227e-03	-2.019808e-04
40.00	4.657281e+02	1.124490e+01	6.825086e+01	5.247654e+02	-8.345498e+01	1.326011e+00	1.384189e+01	-6.420475e+00	9.952817e+02	6.110428e-01	2.230510e-01	6.754465e+01	7.979506e-03	6.591144032540e+02	1.553142963371e+01	6.746458328877e+02	4.975176e-02	4.905260e+00	1.411226039638e+00	6.562777825845e+02	2.428723e-02	3.937943e-03	5.441062e-04	-3.311552e-03
41.00	4.645205e+02	1.106684e+01	6.823641e+01	5.275261e+02	-8.374601e+01	1.253655e+00	1.222269e+01	-6.161070e+00	9.949190e+02	6.111932e-01	2.234315e-01	6.781457e+01	7.498282e-03	6.599978982498e+02	1.443101492197e+01	6.744289131718e+02	4.992165e-02	4.918496e+00	1.410434618832e+00	6.560525685352e+02	-1.130709e-03	2.339516e-02	3.970925e-03	8.189218e-04
42.00	4.671172e+02	9.607233e+00	6.800771e+01	5.260765e+02	-8.336176e+01	1.227372e+00	1.192529e+01	-6.031651e+00	9.945680e+02	6.108829e-01	2.231733e-01	6.752529e+01	7.406498e-03	6.609241205564e+02	1.330353575820e+01	6.742276563146e+02	4.980633e-02	4.920488e+00	1.411120923378e+00	6.558973173538e+02	-2.077400e-02	4.302146e-03	-1.323886e-03	3.112047e-03
43.00	4.657239e+02	9.309452e+00	6.793660e+01	5.289627e+02	-8.361652e+01	1.188228e+00	1.052731e+01	-5.776389e+00	9.942553e+02	6.111319e-01	2.233990e-01	6.777849e+01	6.958844e-03	6.617515591216e+02	1.228979401104e+01	6.740413531326e+02	4.990710e-02	4.937324e+00	1.410367893846e+00	6.557953328708e+02	-6.987933e-03	-1.900315e-02	-3.562714e-03	-1.320419e-03
44.00	4.679848e+02	8.182103e+00	6.774462e+01	5.276943e+02	-8.328166e+01	1.170994e+00	1.017274e+01	-5.711517e+00	9.939563e+02	6.108412e-01	2.230582e-01	6.752662e+01	6.840648e-03	6.625572657112e+02	1.131143374211e+01	6.738686994533e+02	4.975495e-02	4.940358e+00	1.410296672501e+00	6.557678051641e+02	1.531099e-02	-1.159447e-02	1.939233e-03	-2.695203e-03
45.00	4.670024e+02	7.831734e+00	6.758146e+01	5.298247e+02	-8.336897e+01	1.162304e+00	9.133647e+00	-5.482057e+00	9.936853e+02	6.109766e-01	2.230546e-01	6.765566e+01	6.481873e-03	6.631969817411e+02	1.051116138066e+01	6.737081431217e+02	4.975337e-02	4.957784e+00	1.409755887310e+00	6.558047758430e+02	1.362702e-02	1.268425e-02	2.896990e-03	1.716849e-03
46.00	4.682574e+02	7.107757e+00	6.752809e+01	5.293211e+02	-8.325082e+01	1.149092e+00	8.808469e+00	-5.494433e+00	9.934266e+02	6.111566e-01	2.228490e-01	6.756615e+01	6.365442e-03	6.637739049735e+02	9.784048946916e+00	6.735579539205e+02	4.966167e-02	4.961152e+00	1.409234654262e+00	6.559016772185e+02	-8.135142e-03	1.704854e-02	-2.368323e-03	2.077020e-03
47.00	4.681288e+02	6.785328e+00	6.727019e+01	5.300714e+02	-8.309504e+01	1.160790e+00	8.169747e+00	-5.304009e+00	9.931872e+02	6.109522e-01	2.224621e-01	6.750221e+01	6.130313e-03	6.641491797950e+02	9.267147192676e+00	6.734163269877e+02	4.948939e-02	4.976558e+00	1.408954980516e+00	6.560525232219e+02	-1.806611e-02	-4.798498e-03	-2.040783e-03	-1.968366e-03
48.00	4.680103e+02	6.447784e+00	6.743186e+01	5.306643e+02	-8.331005e+01	1.147354e+00	7.953840e+00	-5.391333e+00	9.929541e+02	6.110735e-01	2.224775e-01	6.765196e+01	6.048766e-03	6.644434603007e+02	8.838075838652e+00	6.732815361393e+02	4.949624e-02	4.979388e+00	1.407996532767e+00	6.562272387091e+02	-2.824994e-04	-2.012710e-02	2.580276e-03	-1.321366e-03
49.00	4.688464e+02	6.227768e+00	6.711849e+01	5.298641e+02	-8.292962e+01	1.165181e+00	7.687464e+00	-5.245673e+00	9.927341e+02	6.102880e-01	2.218630e-01	6.739050e+01	5.946616e-03	6.645277095106e+02	8.624367256595e+00	6.731520767672e+02	4.922320e-02	4.991069e+00	1.407927260160e+00	6.564213868224e+02	1.990333e-02	-3.978084e-03	1.103373e-03	2.051282e-03
50.00	4.674214e+02	6.210735e+00	6.750322e+01	5.314618e+02	-8.347774e+01	1.148414e+00	7.641151e+00	-5.394202e+00	9.925147e+02	6.103678e-01	2.221506e-01	6.777228e+01	5.928677e-03	6.645277742686e+02	8.498914350194e+00	6.730266886188e+02	4.935088e-02	4.992646e+00	1.405562341381e+00	6.565905981050e+02	9.181137e-03	2.050155e-02	-2.594013e-03	5.275459e-04
51.00	4.689574e+02	6.150983e+00	6.718047e+01	5.294174e+02	-8.294981e+01	1.162074e+00	7.687721e+00	-5.299178e+00	9.923071e+02	6.088178e-01	2.211970e-01	6.737058e+01	5.946716e-03	6.643266466401e+02	8.577862048250e+00	6.729045086883e+02	4.892811e-02	4.999997e+00	1.407020435348e+00	6.567369862508e+02	-1.895989e-02	1.281711e-02	-1.824753e-04	-1.991318e-03
52.00	4.667182e+02	6.379454e+00	6.770619e+01	5.314839e+02	-8.368890e+01	1.142820e+00	7.846393e+00	-5.491203e+00	9.920968e+02	6.089546e-01	2.216334e-01	6.788412e+01	6.007771e-03	6.640447037053e+02	8.740263928061e+00	6.727849676334e+02	4.912138e-02	5.000034e+00	1.404788714316e+00	6.568163910215e+02	-1.768965e-02	-1.813027e-02	2.450304e-03	2.176282e-04
53.00	4.683955e+02	6.514872e+00	6.741215e+01	5.288635e+02	-8.312366e+01	1.150960e+00	8.143300e+00	-5.456898e+00	9.918998e+02	6.077138e-01	2.205692e-01	6.744031e+01	6.120383e-03	6.635815201936e+02	9.086367008091e+00	6.726678872016e+02	4.865079e-02	5.003496e+00	1.406222453355e+00	6.568390907055e+02	1.536556e-02	-2.081992e-02	-6.340865e-04	1.841080e-03
54.00	4.660676e+02	6.924822e+00	6.793655e+01	5.306232e+02	-8.382531e+01	1.135116e+00	8.512664e+00	-5.675675e+00	9.916990e+02	6.086311e-01	2.212421e-01	6.792494e+01	6.257648e-03	6.630454805560e+02	9.507841711778e+00	6.725533222678e+02	4.894806e-02	5.002210e+00	1.404284954461e+00	6.567694758294e+02	2.488095e-02	1.327489e-02	-2.221934e-03	-8.564011e-04
55.00	4.672129e+02	7.259145e+00	6.769676e+01	5.282524e+02	-8.333971e+01	1.145737e+00	9.001005e+00	-5.714222e+00	9.915140e+02	6.081561e-01	2.203343e-01	6.754557e+01	6.434634e-03	6.623607395892e+02	1.008089764539e+01	6.724416372346e+02	4.854722e-02	5.002983e+00	1.406173211232e+00	6.566269716549e+02	-9.480653e-03	2.709286e-02	1.308575e-03	-1.660585e-03
56.00	4.654905e+02	7.794082e+00	6.806656e+01	5.290055e+02	-8.377416e+01	1.142685e+00	9.547419e+00	-5.944751e+00	9.913278e+02	6.085693e-01	2.211420e-01	6.784038e+01	6.627067e-03	6.616228671755e+02	1.071040546362e+01	6.723332726391e+02	4.890379e-02	5.000967e+00	1.405199841188e+00	6.563908651043e+02	-2.995003e-02	-6.410978e-03	1.964752e-03	1.376497e-03
57.00	4.655911e+02	8.285180e+00	6.789033e+01	5.275809e+02	-8.345395e+01	1.167530e+00	1.015729e+01	-6.059882e+00	9.911585e+02	6.076473e-01	2.208548e-01	6.760535e+01	6.835452e-03	6.607913063631e+02	1.143758295938e+01	6.722288893225e+02	4.877682e-02	5.000543e+00	1.407389299462e+00	6.560911154864e+02	1.888349e-03	-3.092558e-02	-1.840241e-03	1.467429e-03
58.00	4.649291e+02	8.873640e+00	6.800737e+01	5.269741e+02	-8.348808e+01	1.182808e+00	1.079426e+01	-6.281084e+00	9.909922e+02	6.072848e-01	2.216634e-01	6.761563e+01	7.046523e-03	6.599503367156e+02	1.217863949373e+01	6.721289762094e+02	4.913467e-02	4.998519e+00	1.407299712696e+00	6.557212248681e+02	3.231367e-02	-1.796779e-03	-1.672930e-03	-1.754769e-03
59.00	4.638530e+02	9.421238e+00	6.789896e+01	5.268478e+02	-8.337535e+01	1.227185e+00	1.142307e+01	-6.454388e+00	9.908415e+02	6.076525e-01	2.218672e-01	6.756176e+01	7.248861e-03	6.591013363316e+02	1.293284166209e+01	6.720341779937e+02	4.922507e-02	4.998149e+00	1.407990403391e+00	6.553202446169e+02	6.692501e-03	3.191837e-02	2.168375e-03	-1.274648e-03
60.00	4.643529e+02	9.957767e+00	6.776283e+01	5.250187e+02	-8.302876e+01	1.255660e+00	1.201080e+01	-6.632173e+00	9.906978e+02	6.086206e-01	2.222949e-01	6.729994e+01	7.433005e-03	6.583133650985e+02	1.363143195801e+01	6.719447970565e+02	4.941502e-02	4.996759e+00	1.409816581278e+00	6.548914266172e+02	-3.179776e-02	1.050371e-02	1.412162e-03	1.961379e-03
61.00	4.624200e+02	1.041394e+01	6.772359e+01	5.261121e+02	-8.311568e+01	1.312389e+00	1.252003e+01	-6.819697e+00	9.905666e+02	6.095240e-01	2.228882e-01	6.741531e+01	7.588939e-03	6.576264136489e+02	1.423494496719e+01	6.718613586160e+02	4.967915e-02	4.997048e+00	1.409327992004e+00	6.544813329031e+02	-1.531198e-02	-3.004138e-02	-2.309513e-03	1.129739e-03
62.00	4.638233e+02	1.076685e+01	6.742701e+01	5.236573e+02	-8.254920e+01	1.338303e+00	1.289228e+01	-6.910641e+00	9.904452e+02	6.100516e-01	2.228017e-01	6.699504e+01	7.700930e-03	6.570820076776e+02	1.470197203683e+01	6.717839797144e+02	4.964060e-02	4.996721e+00	1.411698959976e+00	6.540955406010e+02	2.855954e-02	-1.867253e-02	-1.224348e-03	-2.041200e-03
63.00	4.616962e+02	1.097469e+01	6.744798e+01	5.255225e+02	-8.277835e+01	1.389671e+00	1.313557e+01	-7.054466e+00	9.903338e+02	6.109103e-01	2.236478e-01	6.722250e+01	7.773254e-03	6.567457001186e+02	1.496733103714e+01	6.717130311557e+02	5.001835e-02	4.997521e+00	1.409703772904e+00	6.537840105186e+02	2.285235e-02	2.552192e-02	2.348678e-03	-1.009332e-03
64.00	4.634813e+02	1.102355e+01	6.713364e+01	5.232984e+02	-8.222729e+01	1.393159e+00	1.314947e+01	-7.019663e+00	9.902325e+02	6.108593e-01	2.230756e-01	6.681245e+01	7.777366e-03	6.566139593185e+02	1.503442832287e+01	6.716483876414e+02	4.976270e-02	4.998410e+00	1.412501438227e+00	6.535439211994e+02	-2.292758e-02	2.527056e-02	1.030374e-03	2.015342e-03
65.00	4.619288e+02	1.087118e+01	6.718940e+01	5.252818e+02	-8.250375e+01	1.419421e+00	1.302370e+01	-7.070029e+00	9.901405e+02	6.114763e-01	2.239351e-01	6.706505e+01	7.740081e-03	6.567606681291e+02	1.482948064033e+01	6.715901487694e+02	5.014693e-02	4.999037e+00	1.409863443582e+00	6.534249519540e+02	-2.835405e-02	-1.884967e-02	-2.261170e-03	8.754367e-04
66.00	4.634876e+02	1.055837e+01	6.699428e+01	5.240991e+02	-8.219001e+01	1.386040e+00	1.261348e+01	-6.892702e+00	9.900562e+02	6.109014e-01	2.230631e-01	6.682635e+01	7.617209e-03	6.571218343985e+02	1.441602192104e+01	6.715378563195e+02	4.975714e-02	5.000991e+00	1.412391996534e+00	6.534057931180e+02	1.555209e-02	-2.942457e-02	-8.255313e-04	-1.875705e-03
67.00	4.631118e+02	1.002555e+01	6.704875e+01	5.255496e+02	-8.240898e+01	1.375670e+00	1.210978e+01	-6.830323e+00	9.899819e+02	6.107214e-01	2.235771e-01	6.701435e+01	7.463569e-03	6.577665854738e+02	1.372468157022e+01	6.714912670440e+02	4.998672e-02	5.000645e+00	1.409318581986e+00	6.535330153849e+02	3.100109e-02	1.077594e-02	2.059097e-03	-7.280430e-04
68.00	4.639486e+02	9.396623e+00	6.705932e+01	5.258758e+02	-8.246664e+01	1.303643e+00	1.132066e+01	-6.527888e+00	9.899101e+02	6.098146e-01	2.233065e-01	6.704623e+01	7.216294e-03	6.585645556682e+02	1.288498953517e+01	6.714495452033e+02	4.986580e-02	5.003225e+00	1.411294738901e+00	6.537575328486e+02	-7.221608e-03	3.047127e-02	6.070562e-04	1.653297e-03
69.00	4.649660e+02	8.572578e+00	6.707928e+01	5.263440e+02	-8.254658e+01	1.259991e+00	1.055060e+01	-6.376119e+00	9.898497e+02	6.100050e-01	2.237097e-01	6.710592e+01	6.966539e-03	6.595773699534e+02	1.183471364086e+01	6.714120835942e+02	5.004602e-02	5.001412e+00	1.409990145216e+00	6.541232348137e+02	-3.030092e-02	-2.120348e-03	-1.783050e-03	5.388816e-04
70.00	4.648439e+02	7.784198e+00	6.730673e+01	5.281323e+02	-8.297956e+01	1.161972e+00	9.536893e+00	-6.001017e+00	9.897854e+02	6.092606e-01	2.239821e-01	6.741395e+01	6.623413e-03	6.606156346711e+02	1.076206650198e+01	6.713777011731e+02	5.016800e-02	5.003983e+00	1.409850076757e+00	6.545479216181e+02	-1.253164e-03	-2.818406e-02	-3.275297e-04	-1.356958e-03
71.00	4.669966e+02	6.847508e+00	6.727203e+01	5.275046e+02	-8.288651e+01	1.103687e+00	8.718061e+00	-5.822774e+00	9.897333e+02	6.088808e-01	2.241344e-01	6.732584e+01	6.332691e-03	6.617432061364e+02	9.602324268482e+00	6.713455304049e+02	5.023621e-02	5.000748e+00	1.408871234343e+00	6.550786581635e+02	2.627988e-02	-6.218970e-03	1.404286e-03	-2.956542e-04
72.00	4.659858e+02	6.134303e+00	6.765209e+01	5.302140e+02	-8.356964e+01	1.002695e+00	7.702465e+00	-5.450422e+00	9.896713e+02	6.087085e-01	2.249131e-01	6.782054e+01	5.952415e-03	6.627317427955e+02	8.582524421728e+00	6.713142672172e+02	5.058590e-02	5.002587e+00	1.408633454410e+00	6.556009486356e+02	8.950851e-03	2.276764e-02	2.316854e-05	9.805245e-04
73.00	4.686235e+02	5.298929e+00	6.755923e+01	5.287342e+02	-8.332510e+01	9.575027e-01	7.102389e+00	-5.329272e+00	9.896214e+02	6.082747e-01	2.246044e-01	6.761134e+01	5.715847e-03	6.636670179408e+02	7.616047249233e+00	6.712830651900e+02	5.044715e-02	4.998472e+00	1.407119136827e+00	6.561735394954e+02	-1.931550e-02	1.333298e-02	-9.410430e-04	3.695699e-05
74.00	4.670516e+02	4.906402e+00	6.797772e+01	5.315224e+02	-8.404990e+01	8.782967e-01	6.306917e+00	-5.035357e+00	9.895581e+02	6.100686e-01	2.258359e-01	6.813979e+01	5.386255e-03	6.643091505037e+02	6.941689619701e+00	6.712508401234e+02	5.100187e-02	4.998873e+00	1.407282470271e+00	6.566561870505e+02	-1.502597e-02	-1.475920e-02	2.484536e-04	-5.633957e-04
75.00	4.693635e+02	4.350802e+00	6.783958e+01	5.296849e+02	-8.372077e+01	8.723404e-01	6.161478e+00	-5.046489e+00	9.895054e+02	6.097477e-01	2.253567e-01	6.787066e+01	5.323789e-03	6.647880204804e+02	6.429050622675e+00	6.712170711030e+02	5.078564e-02	4.994656e+00	1.405917145550e+00	6.571286288898e+02	1.008220e-02	-1.844762e-02	4.696110e-04	2.062214e-04
76.00	4.676980e+02	4.456941e+00	6.817622e+01	5.316959e+02	-8.427133e+01	8.315352e-01	5.733412e+00	-4.881555e+00	9.894392e+02	6.116072e-01	2.265641e-01	6.827214e+01	5.135526e-03	6.648776047306e+02	6.303542987560e+00	6.711811477182e+02	5.133128e-02	4.993029e+00	1.406721029029e+00	6.574360437434e+02	1.883653e-02	4.961986e-03	-4.752196e-04	1.612803e-04
77.00	4.690074e+02	4.262335e+00	6.802024e+01	5.300535e+02	-8.394662e+01	8.790841e-01	6.169531e+00	-5.064392e+00	9.893811e+02	6.113855e-01	2.260553e-01	6.801842e+01	5.327267e-03	6.647668917866e+02	6.376162977007e+00	6.711430547636e+02	5.110098e-02	4.989382e+00	1.404936380395e+00	6.576876564444e+02	5.027879e-04	2.102099e-02	-5.023587e-05	-4.159204e-04
78.00	4.677041e+02	4.918223e+00	6.819339e+01	5.307003e+02	-8.417664e+01	8.786523e-01	6.130959e+00	-5.036629e+00	9.893123e+02	6.127480e-01	2.269141e-01	6.818305e+01	5.310587e-03	6.642582340756e+02	6.844518653060e+00	6.711027527287e+02	5.148999e-02	4.985390e+00	1.406386215605e+00	6.577269034754e+02	-2.000504e-02	5.637057e-03	6.472316e-04	1.680844e-04
79.00	4.677041e+02	5.040296e+00	6.805578e+01	5.296670e+02	-8.393848e+01	9.768393e-01	7.123597e+00	-5.380375e+00	9.892488e+02	6.129034e-01	2.267375e-01	6.801053e+01	5.724374e-03	6.636006621182e+02	7.460104465338e+00	6.710607665836e+02	5.140991e-02	4.982635e+00	1.404775325019e+00	6.576959689064e+02	-1.137347e-02	-2.080781e-02	-2.513434e-04	5.907651e-04
80.00	4.670572e+02	6.152675e+00	6.804967e+01	5.288270e+02	-8.382109e+01	1.003651e+00	7.364005e+00	-5.453511e+00	9.891796e+02	6.136727e-01	2.272408e-01	6.791714e+01	5.820167e-03	6.626243613970e+02	8.393205877858e+00	6.710175672748e+02	5.163838e-02	4.976367e+00	1.405522242754e+00	6.574478298235e+02	1.846609e-02	-1.595664e-02	-7.885747e-04	-3.786698e-04
81.00	4.659025e+02	6.437130e+00	6.796302e+01	5.285506e+02	-8.371689e+01	1.134021e+00	8.743506e+00	-5.900636e+00	9.891132e+02	6.145459e-01	2.276618e-01	6.785987e+01	6.341926e-03	6.616238901699e+02	9.350174810868e+00	6.709740649808e+02	5.182991e-02	4.974422e+00	1.405363167013e+00	6.571536095555e+02	2.140197e-02	1.788698e-02	4.092515e-04	-7.498142e-04
82.00	4.659449e+02	7.798750e+00	6.782558e+01	5.266094e+02	-8.334723e+01	1.165166e+00	9.057789e+00	-6.007402e+00	9.890469e+02	6.148248e-01	2.278698e-01	6.757832e+01	6.454899e-03	6.604432970844e+02	1.048769022155e+01	6.709309873059e+02	5.192466e-02	4.966560e+00	1.406220571372e+00	6.566829579914e+02	-1.444762e-02	2.492132e-02	9.263485e-04	4.638135e-04
83.00	4.641774e+02	8.033961e+00	6.780270e+01	5.269472e+02	-8.337095e+01	1.300815e+00	1.056405e+01	-6.473233e+00	9.889820e+02	6.160783e-01	2.288395e-01	6.762556e+01	6.970977e-03	6.593972217549e+02	1.149209013635e+01	6.708893118912e+02	5.236754e-02	4.965041e+00	1.406838827564e+00	6.562233415790e+02	-2.954062e-02	-1.263606e-02	-4.422292e-04	9.009652e-04
84.00	4.646774e+02	9.389072e+00	6.761887e+01	5.246651e+02	-8.292246e+01	1.312148e+00	1.072092e+01	-6.538820e+00	9.889222e+02	6.161121e-01	2.288794e-01	6.728513e+01	7.022544e-03	6.583229670731e+02	1.252670471186e+01	6.708496717850e+02	5.238576e-02	4.956882e+00	1.407526093689e+00	6.556611648774e+02	8.443616e-03	-3.159837e-02	-1.056798e-03	-4.408441e-04
85.00	4.630267e+02	9.375203e+00	6.764554e+01	5.252623e+02	-8.301761e+01	1.427101e+00	1.208330e+01	-6.939148e+00	9.888633e+02	6.176061e-01	2.304097e-01	6.738579e+01	7.455402e-03	6.575273273923e+02	1.328544063055e+01	6.708127680229e+02	5.308864e-02	4.955308e+00	1.408506554399e+00	6.551812357840e+02	3.496689e-02	5.686786e-03	3.755698e-04	-1.035204e-03
86.00	4.635910e+02	1.049550e+01	6.750223e+01	5.235039e+02	-8.267478e+01	1.401415e+00	1.189820e+01	-6.905165e+00	9.888124e+02	6.176084e-01	2.306486e-01	6.712564e+01	7.398080e-03	6.568222810686e+02	1.395656266035e+01	6.707788437290e+02	5.319876e-02	4.948533e+00	1.408583712548e+00	6.546808375410e+02	-1.179162e-03	3.531584e-02	1.161891e-03	3.352085e-04
87.00	4.627235e+02	1.010525e+01	6.754531e+01	5.239392e+02	-8.276048e+01	1.478656e+00	1.291225e+01	-7.181235e+00	9.887625e+02	6.190353e-01	2.321693e-01	6.721073e+01	7.706893e-03	6.564847825178e+02	1.426332195786e+01	6.707481044756e+02	5.390259e-02	4.946524e+00	1.410548034275e+00	6.543234773483e+02	-3.715585e-02	2.149987e-03	-2.315642e-04	1.132959e-03
88.00	4.629649e+02	1.085087e+01	6.750230e+01	5.233689e+02	-8.265583e+01	1.410660e+00	1.230003e+01	-7.021624e+00	9.887202e+02	6.191366e-01	2.323429e-01	6.713259e+01	7.521966e-03	6.562916648041e+02	1.442862382936e+01	6.707202886334e+02	5.398322e-02	4.942753e+00	1.410108904323e+00	6.540105190812e+02	-6.497299e-03	-3.573739e-02	-1.224379e-03	-1.693959e-04
89.00	4.632640e+02	1.006338e+01	6.752881e+01	5.233177e+02	-8.266395e+01	1.446325e+00	1.287734e+01	-7.154401e+00	9.886792e+02	6.202669e-01	2.333394e-01	6.714589e+01	7.696467e-03	6.564789723827e+02	1.421611794643e+01	6.706950903292e+02	5.444726e-02	4.940193e+00	1.410940585739e+00	6.538716470844e+02	3.594570e-02	-9.978983e-03	2.978611e-05	-1.177069e-03
90.00	4.629584e+02	1.041226e+01	6.760309e+01	5.241739e+02	-8.283979e+01	1.343315e+00	1.187115e+01	-6.879695e+00	9.886427e+02	6.205791e-01	2.336373e-01	6.728356e+01	7.389665e-03	6.567899018746e+02	1.388193105769e+01	6.706718329323e+02	5.458636e-02	4.940483e+00	1.408662400889e+00	6.538087083460e+02	1.369907e-02	3.289484e-02	1.237873e-03	-3.888297e-05
91.00	4.644004e+02	9.313860e+00	6.759826e+01	5.235341e+02	-8.274596e+01	1.346469e+00	1.205131e+01	-6.891160e+00	9.886072e+02	6.212848e-01	2.340152e-01	6.720635e+01	7.445529e-03	6.574201112183e+02	1.322976604675e+01	6.706498772650e+02	5.476312e-02	4.937608e+00	1.410913862777e+00	6.539132272298e+02	-3.153741e-02	1.690227e-02	2.081435e-04	1.164985e-03
92.00	4.635731e+02	9.355136e+00	6.776115e+01	5.255575e+02	-8.314498e+01	1.225360e+00	1.078748e+01	-6.542471e+00	9.885723e+02	6.218122e-01	2.343332e-01	6.751745e+01	7.044309e-03	6.580910592304e+02	1.253731738674e+01	6.706283766172e+02	5.491207e-02	4.942118e+00	1.408504427839e+00	6.540891510276e+02	-1.959668e-02	-2.715371e-02	-1.211080e-03	2.673911e-04
93.00	4.657371e+02	8.110784e+00	6.773435e+01	5.244920e+02	-8.297885e+01	1.214024e+00	1.071340e+01	-6.485673e+00	9.885372e+02	6.221544e-01	2.341873e-01	6.737647e+01	7.020080e-03	6.589679463529e+02	1.163870900610e+01	6.706066553590e+02	5.484371e-02	4.939495e+00	1.410109324057e+00	6.543930046182e+02	2.446439e-02	-2.212854e-02	-4.491488e-04	-1.106378e-03
94.00	4.646485e+02	8.007302e+00	6.792200e+01	5.270217e+02	-8.346416e+01	1.095790e+00	9.389985e+00	-6.121235e+00	9.884999e+02	6.227778e-01	2.344587e-01	6.775702e+01	6.572201e-03	6.597695697676e+02	1.081442663756e+01	6.705839964051e+02	5.497090e-02	4.947462e+00	1.408064234605e+00	6.547356757583e+02	2.350539e-02	1.917449e-02	1.157383e-03	-4.864360e-04
95.00	4.668579e+02	6.813058e+00	6.790123e+01	5.259019e+02	-8.329801e+01	1.090445e+00	9.256213e+00	-6.062352e+00	9.884604e+02	6.229263e-01	2.340988e-01	6.761373e+01	6.525218e-03	6.606457884508e+02	9.914182327135e+00	6.705599707780e+02	5.480226e-02	4.945839e+00	1.409057558697e+00	6.551460277653e+02	-1.552811e-02	2.506090e-02	6.518814e-04	1.016997e-03
96.00	4.658995e+02	6.745733e+00	6.803680e+01	5.281040e+02	-8.369885e+01	9.937761e-01	8.078265e+00	-5.740600e+00	9.884186e+02	6.234089e-01	2.341568e-01	6.793257e+01	6.095894e-03	6.613340267194e+02	9.200179948476e+00	6.705342066679e+02	5.482940e-02	4.955863e+00	1.407663556002e+00	6.555467683361e+02	-2.496661e-02	-9.835805e-03	-1.085666e-03	6.598614e-04
97.00	4.674518e+02	5.776438e+00	6.805476e+01	5.273665e+02	-8.361798e+01	1.010563e+00	8.068348e+00	-5.738294e+00	9.883722e+02	6.235370e-01	2.339005e-01	6.785814e+01	6.092151e-03	6.619837432343e+02	8.522912944443e+00	6.705066561787e+02	5.470946e-02	4.955948e+00	1.408123859101e+00	6.559485449571e+02	5.701527e-03	-2.537960e-02	-7.770972e-04	-9.090503e-04
98.00	4.669929e+02	5.887646e+00	6.807492e+01	5.285182e+02	-8.378750e+01	9.467420e-01	7.195294e+00	-5.502204e+00	9.883259e+02	6.236266e-01	2.339641e-01	6.800176e+01	5.753109e-03	6.623691447249e+02	8.108183399929e+00	6.704773281248e+02	5.473920e-02	4.966443e+00	1.407169467225e+00	6.562899515526e+02	2.382335e-02	1.473366e-04	9.971062e-04	-7.543659e-04
99.00	4.674022e+02	5.254381e+00	6.815318e+01	5.284874e+02	-8.385353e+01	9.923887e-01	7.426887e+00	-5.590149e+00	9.882728e+02	6.238262e-01	2.343322e-01	6.804772e+01	5.844963e-03	6.626489957293e+02	7.797504469479e+00	6.704465001987e+02	5.491160e-02	4.968687e+00	1.406869017145e+00	6.565732465943e+02	3.960191e-03	2.307490e-02	7.994534e-04	7.877113e-04
100.00	4.676430e+02	5.607314e+00	6.803099e+01	5.282211e+02	-8.372059e+01	9.626888e-01	6.936363e+00	-5.457041e+00	9.882238e+02	6.237348e-01	2.344597e-01	6.796060e+01	5.648645e-03	6.626448753238e+02	7.769559698742e+00	6.704144350226e+02	5.497136e-02	4.978343e+00	1.407010484215e+00	6.567553708212e+02	-2.021643e-02	8.870642e-03	-8.911610e-04	7.500197e-04
101.00	4.668069e+02	5.335998e+00	6.816854e+01	5.289690e+02	-8.394256e+01	1.032807e+00	7.430592e+00	-5.635088e+00	9.881662e+02	6.239197e-01	2.353233e-01	6.813614e+01	5.846421e-03	6.625259167484e+02	7.855643245670e+00	6.703815599941e+02	5.537704e-02	4.982825e+00	1.406656607693e+00	6.568387627988e+02	-1.246533e-02	-1.844183e-02	-7.087523e-04	-6.553705e-04
102.00	4.676923e+02	5.901970e+00	6.792370e+01	5.273939e+02	-8.353772e+01	1.029330e+00	7.308279e+00	-5.595116e+00	9.881167e+02	6.235175e-01	2.350440e-01	6.784116e+01	5.798103e-03	6.621620504587e+02	8.186156214243e+00	6.703482066729e+02	5.524568e-02	4.990930e+00	1.407402395807e+00	6.567994976337e+02	1.457306e-02	-1.631817e-02	7.665091e-04	-6.420569e-04
103.00	4.659241e+02	5.937839e+00	6.809359e+01	5.286946e+02	-8.386268e+01	1.110743e+00	7.991627e+00	-5.832001e+00	9.880578e+02	6.236833e-01	2.362435e-01	6.810577e+01	6.063117e-03	6.617249960544e+02	8.589778249996e+00	6.703147743044e+02	5.581097e-02	4.997392e+00	1.407001418551e+00	6.566458550966e+02	1.900708e-02	1.204274e-02	5.102897e-04	5.121450e-04
104.00	4.671509e+02	6.613397e+00	6.778601e+01	5.263535e+02	-8.330755e+01	1.120223e+00	8.147623e+00	-5.855175e+00	9.880089e+02	6.228959e-01	2.357428e-01	6.769614e+01	6.122007e-03	6.611257462372e+02	9.155782990910e+00	6.702815292281e+02	5.557466e-02	5.003974e+00	1.408025331985e+00	6.563715766621e+02	-7.552027e-03	2.152181e-02	-6.187047e-04	4.443455e-04
105.00	4.650670e+02	6.846945e+00	6.794144e+01	5.277537e+02	-8.363534e+01	1.196100e+00	8.882773e+00	-6.100850e+00	9.879518e+02	6.233303e-01	2.371080e-01	6.797087e+01	6.392234e-03	6.605249845789e+02	9.723768545815e+00	6.702487531248e+02	5.622021e-02	5.011984e+00	1.407949672445e+00	6.559921649764e+02	-2.305245e-02	-4.624999e-03	-2.330597e-04	-3.623200e-04
106.00	4.661859e+02	7.492056e+00	6.765008e+01	5.254328e+02	-8.309894e+01	1.204916e+00	9.186081e+00	-6.148987e+00	9.879039e+02	6.237604e-01	2.370373e-01	6.757668e+01	6.500451e-03	6.598629996046e+02	1.035360421213e+01	6.702166038167e+02	5.618668e-02	5.017735e+00	1.408640226635e+00	6.555154123007e+02	-5.438183e-05	-2.411406e-02	4.572947e-04	-1.835952e-04
107.00	4.644915e+02	7.795516e+00	6.773740e+01	5.264136e+02	-8.331495e+01	1.260606e+00	9.818447e+00	-6.351447e+00	9.878507e+02	6.254072e-01	2.385264e-01	6.777017e+01	6.720472e-03	6.592746996672e+02	1.091054115808e+01	6.701852408253e+02	5.689485e-02	5.026906e+00	1.409079500451e+00	6.549613764505e+02	2.440586e-02	-2.980701e-03	-9.170951e-05	2.166574e-04
108.00	4.650681e+02	8.277910e+00	6.753226e+01	5.248739e+02	-8.295363e+01	1.259114e+00	1.013631e+01	-6.390250e+00	9.878038e+02	6.262371e-01	2.386590e-01	6.751252e+01	6.828391e-03	6.587179622737e+02	1.143675870687e+01	6.701547209806e+02	5.695812e-02	5.032929e+00	1.409578777772e+00	6.543470548146e+02	7.415348e-03	2.406766e-02	-2.924909e-04	-1.117280e-04
109.00	4.643207e+02	8.539548e+00	6.750768e+01	5.250409e+02	-8.296829e+01	1.286503e+00	1.053928e+01	-6.510645e+00	9.877557e+02	6.275106e-01	2.395650e-01	6.755289e+01	6.962797e-03	6.582906636106e+02	1.183443849457e+01	6.701251021051e+02	5.739139e-02	5.043108e+00	1.410186450678e+00	6.536913626892e+02	-2.320268e-02	9.962151e-03	4.296247e-04	-8.340573e-05
110.00	4.640987e+02	8.770187e+00	6.742621e+01	5.247654e+02	-8.287308e+01	1.271163e+00	1.076881e+01	-6.517740e+00	9.877096e+02	6.284894e-01	2.399736e-01	6.750318e+01	7.038209e-03	6.579601281521e+02	1.213622354236e+01	6.700963516945e+02	5.758733e-02	5.050537e+00	1.410471209279e+00	6.530158113594e+02	-1.377251e-02	-2.166650e-02	1.340726e-04	4.091024e-04
111.00	4.645288e+02	8.916865e+00	6.727145e+01	5.239997e+02	-8.265479e+01	1.270113e+00	1.087381e+01	-6.538994e+00	9.876669e+02	6.290869e-01	2.400974e-01	6.736476e+01	7.072441e-03	6.577821689713e+02	1.228627537385e+01	6.700684443451e+02	5.764676e-02	5.061878e+00	1.410427785005e+00	6.523321791225e+02	1.985767e-02	-1.563337e-02	-7.450714e-04	-2.826580e-05
112.00	4.635342e+02	8.867245e+00	6.730769e+01	5.250413e+02	-8.282416e+01	1.243027e+00	1.095872e+01	-6.506292e+00	9.876217e+02	6.301477e-01	2.410511e-01	6.752301e+01	7.099999e-03	6.577303134754e+02	1.231095911013e+01	6.700412725856e+02	5.810565e-02	5.071509e+00	1.409982203473e+00	6.516638387325e+02	1.854821e-02	1.744056e-02	6.088757e-06	-6.795670e-04
113.00	4.649812e+02	8.871939e+00	6.703911e+01	5.235551e+02	-8.241427e+01	1.219906e+00	1.076436e+01	-6.433861e+00	9.875835e+02	6.300210e-01	2.410200e-01	6.723845e+01	7.036754e-03	6.578197109136e+02	1.219503964230e+01	6.700147505559e+02	5.809062e-02	5.084398e+00	1.410636988967e+00	6.510113506335e+02	-1.499812e-02	1.951841e-02	1.009832e-03	1.124543e-04
114.00	4.635285e+02	8.572035e+00	6.714838e+01	5.255318e+02	-8.275926e+01	1.186531e+00	1.069658e+01	-6.365324e+00	9.875393e+02	6.309755e-01	2.419765e-01	6.753644e+01	7.014567e-03	6.580309955831e+02	1.195772726604e+01	6.699887228491e+02	5.855261e-02	5.096484e+00	1.409885941325e+00	6.503988933598e+02	-2.139942e-02	-1.207009e-02	-1.203871e-04	8.980903e-04
115.00	4.655059e+02	8.448872e+00	6.681571e+01	5.238085e+02	-8.226356e+01	1.151002e+00	1.025878e+01	-6.221810e+00	9.875035e+02	6.303205e-01	2.414582e-01	6.718912e+01	6.869516e-03	6.583447362393e+02	1.161833971569e+01	6.699630759550e+02	5.830208e-02	5.111322e+00	1.410464648199e+00	6.498141076361e+02	9.352287e-03	-2.140324e-02	-1.200984e-03	-1.646811e-04
116.00	4.640999e+02	7.970916e+00	6.693168e+01	5.260406e+02	-8.264062e+01	1.117415e+00	1.006953e+01	-6.129153e+00	9.874602e+02	6.309230e-01	2.421539e-01	6.751561e+01	6.805859e-03	6.587518549516e+02	1.118579301386e+01	6.699376479655e+02	5.863852e-02	5.125608e+00	1.409325866530e+00	6.492818207739e+02	2.224605e-02	6.279032e-03	2.009329e-04	-1.047392e-03
117.00	4.659667e+02	7.763250e+00	6.660430e+01	5.246740e+02	-8.219696e+01	1.079028e+00	9.480174e+00	-5.945892e+00	9.874246e+02	6.300739e-01	2.415304e-01	6.721335e+01	6.603688e-03	6.592066207358e+02	1.070572302106e+01	6.699123437569e+02	5.833694e-02	5.142563e+00	1.410033823408e+00	6.487770095099e+02	-3.638424e-03	2.134494e-02	1.308521e-03	1.810390e-04
118.00	4.651282e+02	7.199306e+00	6.666140e+01	5.264183e+02	-8.245661e+01	1.049948e+00	9.226252e+00	-5.844516e+00	9.873823e+02	6.301690e-01	2.417876e-01	6.745259e+01	6.514649e-03	6.597137820920e+02	1.017325481703e+01	6.698870369090e+02	5.846124e-02	5.158528e+00	1.408640296961e+00	6.483248096184e+02	-2.125577e-02	-7.431286e-04	-2.450522e-04	1.124639e-03
119.00	4.663096e+02	6.966141e+00	6.640529e+01	5.258996e+02	-8.218691e+01	1.015759e+00	8.588516e+00	-5.653152e+00	9.873448e+02	6.294212e-01	2.415675e-01	6.729017e+01	6.285465e-03	6.602096036084e+02	9.652076579203e+00	6.698616801876e+02	5.835487e-02	5.177377e+00	1.407767615940e+00	6.478887665589e+02	-1.528606e-03	-1.962137e-02	-1.334889e-03	-1.673758e-04
120.00	4.663850e+02	6.406712e+00	6.635962e+01	5.266031e+02	-8.222383e+01	9.938721e-01	8.338315e+00	-5.559389e+00	9.873035e+02	6.290259e-01	2.419078e-01	6.736155e+01	6.193234e-03	6.607152742922e+02	9.120913862070e+00	6.698361881543e+02	5.851939e-02	5.194541e+00	1.406514322921e+00	6.474937696400e+02	1.878602e-02	-3.993143e-03	2.613274e-04	-1.132035e-03
